,run,reads,clonotypes,folder,HLA-A.1,HLA-A.2,HLA-B.1,HLA-B.2,HLA-C.1,HLA-C.2,HLA-DPB1.1,HLA-DPB1.2,HLA-DQB1.1,HLA-DQB1.2,HLA-DRB1.1,HLA-DRB1.2,HLA-DRB4.1,HLA-DRB3.1,HLA-DRB5.1
3,020000200808_S181_L002.clonotypes.TRB.txt,6583555,14220,2020/10_FMBA_NovaSeq5,A*02:01,A*11:01,B*40:01,B*52:01,C*03:04,C*12:02,DPB1*04:01,DPB1*06:01,DQB1*03:02,DQB1*05:01,DRB1*01:01,DRB1*04:04,,,
5,020000330101_S185_L002.clonotypes.TRB.txt,4558846,10762,2020/12_FMBA_Novaseq8_DNA,A*02:01,A*02:06,B*37:01,B*51:01,C*02:02,C*06:02,DPB1*03:01,DPB1*04:02,DQB1*03:01,DQB1*06:01,DRB1*08:03,DRB1*11:01,,,
7,020000350808_S126_L002.clonotypes.TRB.txt,4539391,13345,2020/10_FMBA_NovaSeq5,A*02:01,A*24:02,B*13:02,B*51:01,C*06:02,C*14:02,DPB1*04:01,DPB1*04:01,DQB1*02:02,DQB1*02:02,DRB1*07:01,DRB1*07:01,,,
8,020000360808_S102_L002.clonotypes.TRB.txt,3935818,18453,2020/10_FMBA_NovaSeq5,A*01:01,A*03:01,B*08:01,B*13:02,C*06:02,C*07:01,DPB1*04:01,DPB1*04:01,DQB1*02:01,DQB1*02:01,DRB1*03:01,DRB1*07:01,,,
9,020000390808_S189_L002.clonotypes.TRB.txt,4116820,12138,2020/10_FMBA_NovaSeq5,A*24:02,A*26:01,B*13:01,B*40:02,C*03:04,C*03:04,DPB1*02:01,DPB1*04:01,DQB1*02:01,DQB1*03:01,DRB1*03:01,DRB1*12:02,,,
11,020000640808_S117_L002.clonotypes.TRB.txt,249110,1230,2020/10_FMBA_NovaSeq5,A*24:02,A*68:01,B*07:02,B*15:01N,C*03:04,C*07:02,DPB1*06:01,DPB1*13:01,DQB1*05:01,DQB1*06:02,DRB1*01:01,DRB1*15:01,,,
14,020000700808_S134_L002.clonotypes.TRB.txt,6853540,15894,2020/10_FMBA_NovaSeq5,A*24:02,A*24:02,B*13:02,B*35:03,C*04:01,C*06:02,DPB1*04:01,DPB1*04:01,DQB1*02:02,DQB1*05:03,DRB1*07:01,DRB1*14:54,,,
18,020003060808_S142_L002.clonotypes.TRB.txt,7465993,14029,2020/10_FMBA_NovaSeq5,A*01:01,A*24:02,B*13:02,B*51:01,C*06:02,C*14:02,DPB1*04:01,DPB1*17:01,DQB1*02:02,DQB1*02:02,DRB1*07:01,DRB1*07:01,,,
22,020003810808_S104_L002.clonotypes.TRB.txt,3117991,15211,2020/10_FMBA_NovaSeq5,A*01:02,A*31:01,B*07:02,B*15:16,C*07:02,C*14:02,DPB1*02:01,DPB1*04:01,DQB1*02:01,DQB1*06:02,DRB1*03:01,DRB1*15:01,,,
23,020003830101_S186_L002.clonotypes.TRB.txt,2622740,14561,2020/12_FMBA_Novaseq8_DNA,A*01:01,A*02:01,B*15:01N,B*44:05,C*02:02,C*03:03,DPB1*04:01,DPB1*04:02,DQB1*05:02,DQB1*06:03,DRB1*13:01,DRB1*16:01,,,
24,020003840808_S118_L002.clonotypes.TRB.txt,1894167,8435,2020/10_FMBA_NovaSeq5,A*01:01,A*02:01,B*13:02,B*44:02,C*06:02,C*07:04,DPB1*03:01,DPB1*17:01,DQB1*02:02,DQB1*06:02,DRB1*07:01,DRB1*15:01,,,
30,020004130808_S110_L002.clonotypes.TRB.txt,7321086,14626,2020/10_FMBA_NovaSeq5,A*02:01,A*03:01,B*07:02,B*40:02,C*02:02,C*07:02,DPB1*02:01,DPB1*14:01,DQB1*03:01,DQB1*06:03,DRB1*11:01,DRB1*15:01,,,
37,050000200808_S157_L002.clonotypes.TRB.txt,1947927,8661,2020/10_FMBA_NovaSeq5,A*02:01,A*03:02,B*13:02,B*44:02,C*06:02,C*16:04,DPB1*04:01,DPB1*04:02,DQB1*02:02,DQB1*03:02,DRB1*04:02,DRB1*07:01,,,
38,050000230808_S160_L002.clonotypes.TRB.txt,109373,7045,2020/10_FMBA_NovaSeq5,A*02:01,A*24:02,B*18:01,B*44:02,C*05:01,C*07:01,DPB1*03:01,DPB1*04:01,DQB1*02:02,DQB1*03:01,DRB1*04:01,DRB1*07:01,,,
40,050000310808_S83_L001.clonotypes.TRB.txt,1407629,16454,2020/12_FMBA_Novaseq7_DNA,A*02:01,A*02:01,B*13:02,B*51:01,C*06:02,C*07:02,DPB1*04:01,DPB1*05:01,DQB1*02:02,DQB1*03:02,DRB1*04:03,DRB1*07:01,,,
46,050000550101_S84_L001.clonotypes.TRB.txt,4039131,31101,2020/12_FMBA_Novaseq8_DNA,A*02:01,A*02:01,B*50:01,B*51:01,C*03:03,C*08:03,DPB1*04:01,DPB1*05:01,DQB1*02:02,DQB1*03:03,DRB1*07:01,DRB1*09:01,,,
52,050000740101_S76_L001.clonotypes.TRB.txt,4541635,20570,2020/12_FMBA_Novaseq8_DNA,A*02:01,A*03:01,B*27:05,B*35:01,C*01:02,C*04:01,DPB1*04:01,DPB1*04:02,DQB1*02:01,DQB1*05:01,DRB1*01:01,DRB1*03:01,,,
56,050000920808_S86_L001.clonotypes.TRB.txt,1688675,12490,2020/12_FMBA_Novaseq7_DNA,A*01:01,A*31:01,B*27:05,B*35:02,C*02:02,C*04:01,DPB1*04:01,DPB1*04:02,DQB1*03:01,DQB1*03:02,DRB1*04:01,DRB1*11:04,,,
73,050001340808_S85_L001.clonotypes.TRB.txt,2635636,8476,2020/12_FMBA_Novaseq7_DNA,A*02:01,A*24:02,B*13:02,B*44:02,C*05:01,C*06:02,DPB1*04:01,DPB1*17:01,DQB1*02:02,DQB1*03:01,DRB1*04:01,DRB1*07:01,,,
75,050001460101_S82_L001.clonotypes.TRB.txt,3572781,18221,2020/12_FMBA_Novaseq8_DNA,A*02:01,A*32:01,B*07:02,B*37:01,C*02:02,C*07:02,DPB1*03:01,DPB1*04:01,DQB1*03:01,DQB1*06:02,DRB1*08:03,DRB1*15:01,,,
117,210000460808_S175_L002.clonotypes.TRB.txt,3855889,20620,2020/10_FMBA_NovaSeq4,A*02:01,A*68:24,B*13:02,B*40:01,C*03:04,C*06:02,DPB1*03:01,DPB1*04:01,DQB1*06:02,DQB1*06:04,DRB1*13:02,DRB1*15:01,,,
118,210000470808_S143_L002.clonotypes.TRB.txt,5560076,13481,2020/10_FMBA_NovaSeq4,A*03:01,A*33:01,B*14:02,B*52:01,C*08:02,C*12:02,DPB1*04:01,DPB1*04:01,DQB1*05:01,DQB1*06:01,DRB1*01:02,DRB1*15:02,,,
119,210000500808_S161_L002.clonotypes.TRB.txt,5577958,22179,2020/10_FMBA_NovaSeq4,A*11:01,A*31:01,B*35:01,B*39:01,C*04:01,C*12:03,DPB1*04:01,DPB1*09:01,DQB1*05:01,DQB1*06:02,DRB1*01:01,DRB1*15:01,,,
120,210000600808_S129_L002.clonotypes.TRB.txt,6814747,12830,2020/10_FMBA_NovaSeq4,A*01:01,A*02:01,B*41:02,B*52:01,C*12:02,C*17:03,DPB1*04:02,DPB1*104:01,DQB1*03:01,DQB1*06:01,DRB1*13:03,DRB1*15:02,,,
121,210001500808_S145_L002.clonotypes.TRB.txt,6109081,12702,2020/10_FMBA_NovaSeq4,A*02:01,A*03:01,B*27:05,B*44:27,C*01:02,C*07:04,DPB1*02:01,DPB1*04:01,DQB1*05:01,DQB1*05:02,DRB1*01:01,DRB1*16:01,,,
122,210001740808_S153_L002.clonotypes.TRB.txt,7783196,14797,2020/10_FMBA_NovaSeq4,A*29:02,A*30:01,B*13:02,B*51:08,C*06:02,C*16:02,DPB1*02:01,DPB1*02:01,DQB1*02:02,DQB1*06:09,DRB1*07:01,DRB1*13:02,,,
123,210001750808_S111_L002.clonotypes.TRB.txt,6790814,19214,2020/10_FMBA_NovaSeq4,A*24:02,A*31:01,B*15:01,B*40:02,C*03:03,C*03:04,DPB1*02:01,DPB1*04:02,DQB1*05:02,DQB1*06:03,DRB1*13:01,DRB1*14:54,,,
124,210001800808_S136_L002.clonotypes.TRB.txt,4946765,39112,2020/10_FMBA_NovaSeq4,A*01:01,A*01:01,B*08:01,B*08:01,C*07:01,C*07:01,DPB1*01:01,DPB1*04:01,DQB1*02:01,DQB1*02:01,DRB1*03:01,DRB1*03:01,,,
125,210001870808_S127_L002.clonotypes.TRB.txt,8700147,15545,2020/10_FMBA_NovaSeq4,A*01:01,A*32:01,B*51:01,B*57:01,C*01:02,C*06:02,DPB1*04:01,DPB1*104:01,DQB1*03:01,DQB1*06:03,DRB1*11:01,DRB1*13:01,,,
126,210002010808_S128_L002.clonotypes.TRB.txt,3102991,34001,2020/10_FMBA_NovaSeq4,A*02:01,A*11:01,B*35:03,B*41:02,C*12:03,C*17:03,DPB1*104:01,DPB1*15:01,DQB1*03:01,DQB1*03:04,DRB1*04:08,DRB1*13:03,,,
127,210002070101_S69_L001.clonotypes.TRB.txt,4587262,27600,2020/12_FMBA_Novaseq8_DNA,A*02:05,A*02:06,B*40:02,B*50:01,C*03:04,C*06:02,DPB1*04:01,DPB1*04:01,DQB1*02:02,DQB1*05:01,DRB1*01:01,DRB1*07:01,,,
128,210002120808_S169_L002.clonotypes.TRB.txt,4577832,16368,2020/10_FMBA_NovaSeq4,A*02:01,A*68:01,B*07:02,B*40:02,C*03:04,C*07:02,DPB1*02:01,DPB1*04:01,DQB1*03:03,DQB1*06:02,DRB1*09:01,DRB1*15:01,,,
129,210002270101_S70_L001.clonotypes.TRB.txt,4197826,29344,2020/12_FMBA_Novaseq8_DNA,A*03:01,A*03:01,B*35:01,B*40:02,C*03:03,C*03:03,DPB1*04:01,DPB1*04:01,DQB1*03:02,DQB1*04:02,DRB1*04:03,DRB1*08:01,,,
130,210002410808_S177_L002.clonotypes.TRB.txt,1874590,37572,2020/10_FMBA_NovaSeq4,A*02:08,A*11:01,B*49:01,B*50:01,C*06:02,C*07:01,DPB1*02:01,DPB1*04:01,DQB1*02:02,DQB1*06:04,DRB1*07:01,DRB1*13:02,,,
131,210002440808_S113_L002.clonotypes.TRB.txt,8462359,16345,2020/10_FMBA_NovaSeq4,A*02:01,A*03:01,B*07:02,B*07:02,C*07:02,C*07:02,DPB1*02:01,DPB1*04:01,DQB1*03:01,DQB1*05:01,DRB1*01:01,DRB1*11:01,,,
132,210002850808_S120_L002.clonotypes.TRB.txt,4548332,23949,2020/10_FMBA_NovaSeq4,A*24:02,A*26:01,B*38:01,B*44:02,C*05:01,C*12:03,DPB1*02:01,DPB1*04:01,DQB1*03:01,DQB1*06:03,DRB1*11:01,DRB1*13:01,,,
133,210002900808_S144_L002.clonotypes.TRB.txt,4897508,14821,2020/10_FMBA_NovaSeq4,A*02:01,A*03:01,B*35:01,B*44:02,C*04:01,C*05:01,DPB1*02:01,DPB1*04:02,DQB1*03:01,DQB1*05:01,DRB1*01:01,DRB1*11:04,,,
134,210002930808_S135_L002.clonotypes.TRB.txt,1296035,13325,2020/10_FMBA_NovaSeq4,A*02:01,A*25:01,B*18:01,B*40:01,C*03:04,C*12:03,DPB1*02:01,DPB1*17:01,DQB1*02:02,DQB1*03:02,DRB1*04:01,DRB1*07:01,,,
135,210003070808_S84_L001.clonotypes.TRB.txt,4902255,12855,2020/10_FMBA_NovaSeq4,A*24:02,A*26:01,B*27:14,B*35:02,C*01:02,C*04:01,DPB1*03:01,DPB1*04:02,DQB1*03:01,DQB1*05:01,DRB1*01:01,DRB1*11:04,,,
136,210003260808_S137_L002.clonotypes.TRB.txt,3978831,11882,2020/10_FMBA_NovaSeq4,A*02:01,A*02:01,B*18:01,B*40:01,C*03:04,C*07:01,DPB1*02:01,DPB1*05:01,DQB1*03:01,DQB1*06:02,DRB1*11:04,DRB1*15:01,,,
137,210003270101_S66_L001.clonotypes.TRB.txt,4958889,17721,2020/12_FMBA_Novaseq8_DNA,A*02:01,A*23:01,B*15:17,B*51:01,C*02:02,C*07:01,DPB1*02:01,DPB1*04:01,DQB1*03:01,DQB1*06:04,DRB1*11:01,DRB1*13:02,,,
138,210003310808_S112_L002.clonotypes.TRB.txt,3874258,7058,2020/10_FMBA_NovaSeq4,A*02:01,A*03:01,B*15:01N,B*15:01N,C*01:02,C*04:01,DPB1*04:01,DPB1*04:02,DQB1*03:01,DQB1*03:02,DRB1*04:01,DRB1*12:01,,,
139,210003330101_S68_L001.clonotypes.TRB.txt,3813414,12264,2020/12_FMBA_Novaseq8_DNA,A*03:01,A*68:01,B*35:01,B*44:02,C*04:01,C*07:04,DPB1*02:01,DPB1*04:02,DQB1*03:01,DQB1*05:01,DRB1*01:01,DRB1*11:01,,,
140,210004070808_S121_L002.clonotypes.TRB.txt,4111549,24524,2020/10_FMBA_NovaSeq4,A*03:01,A*33:03,B*07:02,B*58:01,C*03:02,C*07:02,DPB1*02:01,DPB1*04:01,DQB1*06:02,DQB1*06:09,DRB1*13:02,DRB1*15:01,,,
141,210004080101_S67_L001.clonotypes.TRB.txt,4917250,31394,2020/12_FMBA_Novaseq8_DNA,A*24:02,A*68:01,B*14:02,B*40:06,C*08:02,C*08:22,DPB1*04:02,DPB1*484:01,DQB1*03:01,DQB1*05:01,DRB1*01:02,DRB1*11:01,,,
142,210004320808_S105_L002.clonotypes.TRB.txt,8137005,21084,2020/10_FMBA_NovaSeq4,A*23:01,A*32:01,B*39:01,B*49:01,C*07:01,C*12:03,DPB1*04:01,DPB1*04:02,DQB1*03:02,DQB1*06:03,DRB1*04:01,DRB1*13:01,,,
143,210004500808_S119_L002.clonotypes.TRB.txt,2570544,15095,2020/10_FMBA_NovaSeq4,A*03:01,A*03:01,B*07:02,B*51:01,C*01:02,C*07:02,DPB1*01:01,DPB1*04:02,DQB1*05:01,DQB1*05:01,DRB1*01:01,DRB1*01:01,,,
149,230003020807_S77_L001.clonotypes.TRB.txt,6615921,16115,2020/10_FMBA_NovaSeq6,A*02:01,A*24:03,B*15:01N,B*35:08,C*03:04,C*04:01,DPB1*04:02,DPB1*14:01,DQB1*05:02,DQB1*05:03,DRB1*14:54,DRB1*16:02,,,
150,230003070807_S37_L001.clonotypes.TRB.txt,4679347,25978,2020/10_FMBA_NovaSeq6,A*02:01,A*03:01,B*15:01N,B*56:01,C*01:02,C*03:03,DPB1*02:01,DPB1*04:01,DQB1*03:02,DQB1*06:02,DRB1*04:01,DRB1*15:01,,,
151,230003090807_S29_L001.clonotypes.TRB.txt,3348220,18891,2020/10_FMBA_NovaSeq6,A*03:01,A*24:02,B*18:01,B*18:01,C*07:01,C*07:01,DPB1*04:01,DPB1*11:01,DQB1*02:02,DQB1*06:03,DRB1*07:01,DRB1*13:01,,,
152,230003110807_S21_L001.clonotypes.TRB.txt,996117,5588,2020/10_FMBA_NovaSeq6,A*02:01,A*31:01,B*27:05,B*44:02,C*02:02,C*05:01,DPB1*04:01,DPB1*04:02,DQB1*03:01,DQB1*03:02,DRB1*04:01,DRB1*11:03,,,
183,270000010808_S182_L002.clonotypes.TRB.txt,10238414,16330,2020/10_FMBA_NovaSeq5,A*03:01,A*03:01,B*07:02,B*07:02,C*07:02,C*07:02,DPB1*02:01,DPB1*04:01,DQB1*06:02,DQB1*06:03,DRB1*15:01,DRB1*15:01,,,
185,270000030808_S190_L002.clonotypes.TRB.txt,5751677,21802,2020/10_FMBA_NovaSeq5,A*02:01,A*03:01,B*15:01,B*35:01,C*03:03,C*04:01,DPB1*04:02,DPB1*19:01,DQB1*05:01,DQB1*06:03,DRB1*01:01,DRB1*13:01,,,
186,270000040808_S103_L002.clonotypes.TRB.txt,1475640,10857,2020/10_FMBA_NovaSeq5,A*02:01,A*02:01,B*44:02,B*56:01,C*01:02,C*07:04,DPB1*02:01,DPB1*04:01,DQB1*03:01,DQB1*05:01,DRB1*01:01,DRB1*11:01,,,
187,270000050808_S111_L002.clonotypes.TRB.txt,13209823,17699,2020/10_FMBA_NovaSeq5,A*02:01,A*68:01,B*07:04,B*40:01,C*03:04,C*07:02,DPB1*03:01,DPB1*04:01,DQB1*03:02,DQB1*06:02,DRB1*04:04,DRB1*15:01,,,
188,270000060808_S119_L002.clonotypes.TRB.txt,1746543,17211,2020/10_FMBA_NovaSeq5,A*03:01,A*66:01,B*35:03,B*41:02,C*04:01,C*17:03,DPB1*03:01,DPB1*04:01,DQB1*03:01,DQB1*05:01,DRB1*01:01,DRB1*13:03,,,
190,270000080807_S15_L001.clonotypes.TRB.txt,5572821,16835,2020/10_FMBA_NovaSeq6,A*02:01,A*03:01,B*07:02,B*44:02,C*05:01,C*07:02,DPB1*04:01,DPB1*04:01,DQB1*03:01,DQB1*06:02,DRB1*11:01,DRB1*15:01,,,
192,270000100807_S23_L001.clonotypes.TRB.txt,7985359,20499,2020/10_FMBA_NovaSeq6,A*02:01,A*32:01,B*08:01,B*35:01,C*04:01,C*07:01,DPB1*04:01,DPB1*04:02,DQB1*02:01,DQB1*03:01,DRB1*03:01,DRB1*11:04,,,
193,270000110808_S166_L002.clonotypes.TRB.txt,5100425,18728,2020/10_FMBA_NovaSeq5,A*24:02,A*33:01,B*14:02,B*40:01,C*03:04,C*08:02,DPB1*02:01,DPB1*04:01,DQB1*03:03,DQB1*06:02,DRB1*07:01,DRB1*15:01,,,
195,270000130807_S31_L001.clonotypes.TRB.txt,7782061,22626,2020/10_FMBA_NovaSeq6,A*01:01,A*30:01,B*08:01,B*13:02,C*06:02,C*07:01,DPB1*02:01,DPB1*04:01,DQB1*02:01,DQB1*03:01,DRB1*03:01,DRB1*12:01,,,
196,270000140808_S174_L002.clonotypes.TRB.txt,4979918,25928,2020/10_FMBA_NovaSeq5,A*02:01,A*24:02,B*44:02,B*44:02,C*05:01,C*07:04,DPB1*04:01,DPB1*04:01,DQB1*05:02,DQB1*05:02,DRB1*16:01,DRB1*16:01,,,
197,270000150807_S39_L001.clonotypes.TRB.txt,1973967,13199,2020/10_FMBA_NovaSeq6,A*02:01,A*24:02,B*49:01,B*52:01,C*07:01,C*12:02,DPB1*05:01,DPB1*13:01,DQB1*03:02,DQB1*06:01,DRB1*04:02,DRB1*15:02,,,
198,270000160807_S47_L001.clonotypes.TRB.txt,6646077,17282,2020/10_FMBA_NovaSeq6,A*02:01,A*30:01,B*13:02,B*27:05,C*02:02,C*06:02,DPB1*02:01,DPB1*16:01,DQB1*02:02,DQB1*06:03,DRB1*07:01,DRB1*13:01,,,
201,270000270808_S113_L002.clonotypes.TRB.txt,8205307,13975,2020/10_FMBA_NovaSeq5,A*01:01,A*24:02,B*07:02,B*08:01,C*07:01,C*07:02,DPB1*04:01,DPB1*04:02,DQB1*02:01,DQB1*06:02,DRB1*03:01,DRB1*15:01,,,
202,270000290808_S149_L002.clonotypes.TRB.txt,2887118,16190,2020/10_FMBA_NovaSeq5,A*02:05,A*24:02,B*08:01,B*50:01,C*06:02,C*07:01,DPB1*04:02,DPB1*104:01,DQB1*02:02,DQB1*06:01,DRB1*07:01,DRB1*15:02,,,
204,270000620101_S65_L001.clonotypes.TRB.txt,3777377,26739,2020/12_FMBA_Novaseq8_DNA,A*03:01,A*24:02,B*14:02,B*18:01,C*08:02,C*12:03,DPB1*04:01,DPB1*13:01,DQB1*05:01,DQB1*06:02,DRB1*01:02,DRB1*15:01,,,
206,270001010808_S158_L002.clonotypes.TRB.txt,7880535,14474,2020/10_FMBA_NovaSeq6,A*02:01,A*03:01,B*39:01,B*44:02,C*05:01,C*07:02,DPB1*04:01,DPB1*04:01,DQB1*03:01,DQB1*05:01,DRB1*10:01,DRB1*13:05,,,
208,270001070808_S158_L002.clonotypes.TRB.txt,11766247,17784,2020/10_FMBA_NovaSeq5,A*11:01,A*11:01,B*35:01,B*35:01,C*04:01,C*04:01,DPB1*04:01,DPB1*04:02,DQB1*05:01,DQB1*05:01,DRB1*01:01,DRB1*01:01,,,
212,270001310808_S165_L002.clonotypes.TRB.txt,697689,7029,2020/10_FMBA_NovaSeq5,A*03:01,A*25:01,B*37:01,B*40:01,C*03:04,C*06:02,DPB1*06:01,DPB1*10:01,DQB1*03:02,DQB1*05:02,DRB1*04:04,DRB1*16:01,,,
229,330000100807_S67_L001.clonotypes.TRB.txt,7566007,13210,2020/10_FMBA_NovaSeq6,A*03:01,A*11:01,B*35:01,B*52:01,C*04:01,C*12:02,DPB1*01:01,DPB1*04:01,DQB1*02:02,DQB1*06:01,DRB1*07:01,DRB1*15:02,,,
231,330000310807_S59_L001.clonotypes.TRB.txt,122071,9953,2020/10_FMBA_NovaSeq6,A*03:01,A*25:01,B*18:01,B*18:01,C*12:03,C*12:03,DPB1*02:01,DPB1*04:01,DQB1*05:01,DQB1*06:03,DRB1*01:01,DRB1*13:01,,,
232,330000340807_S83_L001.clonotypes.TRB.txt,4526718,31445,2020/10_FMBA_NovaSeq6,A*03:01,A*26:01,B*07:02,B*49:01,C*07:01,C*07:02,DPB1*04:01,DPB1*10:01,DQB1*05:01,DQB1*06:02,DRB1*01:01,DRB1*15:01,,,
233,330000350808_S164_L002.clonotypes.TRB.txt,466983,9434,2020/10_FMBA_NovaSeq5,A*02:01,A*68:01,B*07:02,B*07:02,C*07:02,C*07:02,DPB1*04:01,DPB1*04:01,DQB1*05:01,DQB1*06:02,DRB1*01:01,DRB1*15:01,,,
236,330000410808_S109_L002.clonotypes.TRB.txt,5189073,11032,2020/10_FMBA_NovaSeq5,A*02:01,A*24:02,B*07:02,B*35:03,C*07:02,C*12:03,DPB1*04:01,DPB1*17:01,DQB1*02:02,DQB1*06:03,DRB1*07:01,DRB1*13:01,,,
240,330000460807_S75_L001.clonotypes.TRB.txt,4824285,21757,2020/10_FMBA_NovaSeq6,A*11:01,A*24:02,B*07:02,B*35:01,C*04:01,C*07:02,DPB1*02:01,DPB1*04:01,DQB1*03:02,DQB1*06:02,DRB1*04:03,DRB1*15:01,,,
247,330000580808_S125_L002.clonotypes.TRB.txt,4972643,9381,2020/10_FMBA_NovaSeq5,A*03:01,A*24:02,B*15:01N,B*18:01,C*03:03,C*12:03,DPB1*02:01,DPB1*04:01,DQB1*05:01,DQB1*06:03,DRB1*01:01,DRB1*13:01,,,
259,330000710808_S140_L002.clonotypes.TRB.txt,3139512,3516,2020/10_FMBA_NovaSeq5,A*24:02,A*25:01,B*13:02,B*35:01,C*04:01,C*06:02,DPB1*04:01,DPB1*17:01,DQB1*02:01,DQB1*05:01,DRB1*01:01,DRB1*07:01,,,
263,330000780808_S172_L002.clonotypes.TRB.txt,296623,5758,2020/10_FMBA_NovaSeq5,A*01:01,A*02:01,B*08:01,B*13:02,C*06:02,C*07:01,DPB1*04:01,DPB1*04:01,DQB1*02:01,DQB1*03:02,DRB1*03:01,DRB1*04:01,,,
268,330000950808_S132_L002.clonotypes.TRB.txt,3557735,12102,2020/10_FMBA_NovaSeq5,A*02:01,A*26:01,B*35:01,B*44:03,C*04:01,C*04:01,DPB1*02:01,DPB1*04:01,DQB1*02:02,DQB1*03:01,DRB1*07:01,DRB1*08:01,,,
269,330000960808_S141_L002.clonotypes.TRB.txt,916048,11167,2020/10_FMBA_NovaSeq5,A*02:01,A*25:01,B*18:01,B*35:01,C*04:01,C*12:03,DPB1*03:01,DPB1*04:01,DQB1*02:02,DQB1*05:01,DRB1*01:01,DRB1*07:01,,,
270,330000980808_S188_L002.clonotypes.TRB.txt,812016,8831,2020/10_FMBA_NovaSeq5,A*02:01,A*24:02,B*07:02,B*44:02,C*05:01,C*07:02,DPB1*04:01,DPB1*09:01,DQB1*06:02,DQB1*06:02,DRB1*15:01,DRB1*15:01,,,
272,330001050808_S101_L002.clonotypes.TRB.txt,1738955,10624,2020/10_FMBA_NovaSeq5,A*02:01,A*30:01,B*15:01N,B*51:01,C*01:02,C*03:04,DPB1*02:01,DPB1*13:01,DQB1*02:02,DQB1*03:02,DRB1*04:01,DRB1*07:01,,,
273,330001060808_S133_L002.clonotypes.TRB.txt,5195755,10062,2020/10_FMBA_NovaSeq5,A*02:01,A*33:01,B*13:02,B*40:02,C*03:04,C*06:02,DPB1*350:01,DPB1*36:01,DQB1*02:02,DQB1*02:02,DRB1*07:01,DRB1*07:01,,,
274,330001070808_S180_L002.clonotypes.TRB.txt,412120,6173,2020/10_FMBA_NovaSeq5,A*01:01,A*11:01,B*08:01,B*35:03,C*07:01,C*12:03,DPB1*04:01,DPB1*15:01,DQB1*02:01,DQB1*03:04,DRB1*03:01,DRB1*04:08,,,
275,330001080808_S148_L002.clonotypes.TRB.txt,1398732,14811,2020/10_FMBA_NovaSeq5,A*01:01,A*03:01,B*15:01N,B*37:01,C*03:04,C*06:02,DPB1*04:01,DPB1*104:01,DQB1*03:02,DQB1*06:02,DRB1*04:01,DRB1*15:01,,,
276,330001110808_S156_L002.clonotypes.TRB.txt,6245050,6601,2020/10_FMBA_NovaSeq5,A*02:01,A*11:01,B*15:01,B*51:01,C*03:03,C*04:01,DPB1*104:01,DPB1*104:01,DQB1*03:01,DQB1*03:02,DRB1*04:04,DRB1*13:03,,,
317,330003060808_S80_L001.clonotypes.TRB.txt,1815506,17531,2020/10_FMBA_NovaSeq6,A*24:02,A*26:01,B*13:02,B*44:02,C*05:01,C*06:02,DPB1*03:01,DPB1*03:01,DQB1*05:01,DQB1*06:09,DRB1*01:01,DRB1*13:02,,,
319,330003180807_S94_L001.clonotypes.TRB.txt,24674830,16772,2020/10_FMBA_NovaSeq6,A*01:01,A*02:05,B*15:01N,B*50:01,C*04:01,C*06:02,DPB1*04:01,DPB1*04:01,DQB1*02:02,DQB1*03:02,DRB1*04:02,DRB1*07:01,,,
321,330003360808_S142_L002.clonotypes.TRB.txt,223074,6856,2020/10_FMBA_NovaSeq6,A*03:01,A*30:01,B*13:02,B*18:01,C*06:02,C*07:01,DPB1*04:02,DPB1*04:02,DQB1*02:02,DQB1*03:01,DRB1*07:01,DRB1*11:04,,,
328,340003410808_S34_L001.clonotypes.TRB.txt,1932352,5778,2020/12_FMBA_Novaseq7_DNA,A*02:01,A*33:03,B*18:01,B*39:01,C*07:01,C*12:03,DPB1*04:01,DPB1*04:02,DQB1*03:01,DQB1*06:03,DRB1*11:04,DRB1*13:01,,,
329,340003430808_S35_L001.clonotypes.TRB.txt,140086,9057,2020/12_FMBA_Novaseq7_DNA,A*01:01,A*02:01,B*13:02,B*35:02,C*04:01,C*06:02,DPB1*02:01,DPB1*04:01,DQB1*02:02,DQB1*06:03,DRB1*07:01,DRB1*13:01,,,
330,340003480808_S131_L002.clonotypes.TRB.txt,2277364,4003,2020/10_FMBA_NovaSeq4,A*02:01,A*24:02,B*07:02,B*08:01,C*07:01,C*07:02,DPB1*04:01,DPB1*15:01,DQB1*03:04,DQB1*06:02,DRB1*04:08,DRB1*15:01,,,
331,340003660808_S15_L001.clonotypes.TRB.txt,3061817,25331,2020/12_FMBA_Novaseq7_DNA,A*03:01,A*30:01,B*38:01,B*44:03,C*04:01,C*12:03,DPB1*04:01,DPB1*15:01,DQB1*02:02,DQB1*06:03,DRB1*07:01,DRB1*13:01,,,
332,340003670808_S16_L001.clonotypes.TRB.txt,3248693,10439,2020/12_FMBA_Novaseq7_DNA,A*25:01,A*25:01,B*18:01,B*35:01,C*04:01,C*12:03,DPB1*04:01,DPB1*13:01,DQB1*03:03,DQB1*05:01,DRB1*01:01,DRB1*07:01,,,
333,340003690808_S19_L001.clonotypes.TRB.txt,2431020,2119,2020/12_FMBA_Novaseq7_DNA,A*03:01,A*24:02,B*18:01,B*49:01,C*07:01,C*07:01,DPB1*04:01,DPB1*04:02,DQB1*03:01,DQB1*05:01,DRB1*01:01,DRB1*11:04,,,
334,340003700808_S18_L001.clonotypes.TRB.txt,2573663,10586,2020/12_FMBA_Novaseq7_DNA,A*01:01,A*02:01,B*08:01,B*41:02,C*07:01,C*17:03,DPB1*04:01,DPB1*04:02,DQB1*02:01,DQB1*03:01,DRB1*03:01,DRB1*13:03,,,
335,340003710808_S17_L001.clonotypes.TRB.txt,2016298,9408,2020/12_FMBA_Novaseq7_DNA,A*02:01,A*02:01,B*07:02,B*39:01,C*07:126,C*12:03,DPB1*04:01,DPB1*04:01,DQB1*03:01,DQB1*05:01,DRB1*01:01,DRB1*12:01,,,
336,340003720808_S20_L001.clonotypes.TRB.txt,2195322,11436,2020/12_FMBA_Novaseq7_DNA,A*01:01,A*03:01,B*07:02,B*52:01,C*07:02,C*12:02,DPB1*04:01,DPB1*04:01,DQB1*03:01,DQB1*06:02,DRB1*11:04,DRB1*15:68,,,
337,340003730808_S21_L001.clonotypes.TRB.txt,879114,1842,2020/12_FMBA_Novaseq7_DNA,A*02:01,A*24:02,B*13:02,B*44:02,C*04:01,C*05:01,DPB1*04:01,DPB1*104:01,DQB1*02:02,DQB1*03:02,DRB1*04:04,DRB1*07:01,,,
338,340003740808_S24_L001.clonotypes.TRB.txt,2196297,10816,2020/12_FMBA_Novaseq7_DNA,A*24:02,A*25:01,B*18:01,B*18:01,C*12:03,C*12:03,DPB1*04:02,DPB1*17:01,DQB1*02:02,DQB1*03:01,DRB1*07:01,DRB1*11:04,,,
339,340003750808_S22_L001.clonotypes.TRB.txt,3126138,6702,2020/12_FMBA_Novaseq7_DNA,A*01:01,A*01:01,B*57:01,B*57:01,C*06:02,C*06:02,DPB1*04:01,DPB1*04:01,DQB1*03:03,DQB1*03:03,DRB1*07:01,DRB1*07:01,,,
340,340003760808_S23_L001.clonotypes.TRB.txt,842164,17782,2020/12_FMBA_Novaseq7_DNA,A*01:01,A*24:02,B*38:01,B*51:01,C*02:02,C*12:03,DPB1*04:02,DPB1*04:02,DQB1*03:01,DQB1*03:01,DRB1*11:03,DRB1*11:04,,,
341,340003780808_S26_L001.clonotypes.TRB.txt,3458024,13125,2020/12_FMBA_Novaseq7_DNA,A*02:01,A*31:01,B*13:02,B*44:02,C*05:01,C*06:02,DPB1*02:01,DPB1*04:02,DQB1*02:02,DQB1*03:01,DRB1*07:01,DRB1*11:01,,,
342,340003790808_S27_L001.clonotypes.TRB.txt,3845016,5439,2020/12_FMBA_Novaseq7_DNA,A*24:02,A*26:01,B*07:02,B*44:03,C*04:01,C*07:02,DPB1*02:01,DPB1*04:01,DQB1*02:02,DQB1*06:02,DRB1*07:01,DRB1*15:01,,,
343,340003810808_S28_L001.clonotypes.TRB.txt,2498879,15591,2020/12_FMBA_Novaseq7_DNA,A*24:02,A*26:01,B*18:01,B*38:01,C*07:01,C*12:03,DPB1*04:01,DPB1*04:02,DQB1*03:02,DQB1*06:03,DRB1*04:03,DRB1*13:01,,,
344,340003820808_S29_L001.clonotypes.TRB.txt,2989682,10542,2020/12_FMBA_Novaseq7_DNA,A*23:01,A*33:01,B*14:02,B*15:17,C*07:01,C*08:02,DPB1*02:01,DPB1*04:01,DQB1*05:01,DQB1*06:04,DRB1*01:02,DRB1*13:02,,,
372,440000040808_S191_L002.clonotypes.TRB.txt,8830459,19758,2020/10_FMBA_NovaSeq5,A*03:01,A*30:01,B*07:02,B*44:03,C*04:01,C*07:02,DPB1*02:01,DPB1*13:01,DQB1*02:02,DQB1*06:03,DRB1*07:01,DRB1*13:01,,,
374,440000110808_S120_L002.clonotypes.TRB.txt,4198343,27739,2020/10_FMBA_NovaSeq5,A*01:01,A*02:01,B*08:01,B*38:01,C*07:01,C*12:03,DPB1*04:01,DPB1*10:01,DQB1*02:01,DQB1*05:01,DRB1*01:01,DRB1*03:01,,,
375,440000180808_S143_L002.clonotypes.TRB.txt,5584602,36295,2020/10_FMBA_NovaSeq5,A*02:01,A*03:01,B*35:03,B*41:02,C*04:01,C*17:03,DPB1*04:01,DPB1*104:01,DQB1*03:01,DQB1*03:02,DRB1*04:03,DRB1*13:03,,,
376,440000190808_S167_L002.clonotypes.TRB.txt,7278546,21762,2020/10_FMBA_NovaSeq5,A*02:01,A*03:01,B*35:01,B*51:01,C*04:01,C*14:02,DPB1*02:01,DPB1*04:02,DQB1*05:01,DQB1*05:03,DRB1*01:01,DRB1*14:01,,,
377,440000200808_S136_L002.clonotypes.TRB.txt,9981937,41603,2020/10_FMBA_NovaSeq5,A*25:01,A*25:01,B*18:01,B*56:01,C*01:02,C*12:03,DPB1*02:01,DPB1*23:01,DQB1*05:01,DQB1*06:02,DRB1*01:01,DRB1*15:01,,,
380,440000310808_S151_L002.clonotypes.TRB.txt,5222092,50008,2020/10_FMBA_NovaSeq5,A*03:01,A*24:02,B*07:02,B*39:01,C*07:02,C*07:02,DPB1*02:01,DPB1*03:01,DQB1*03:02,DQB1*03:03,DRB1*04:04,DRB1*07:01,,,
386,440000500808_S183_L002.clonotypes.TRB.txt,5208247,21348,2020/10_FMBA_NovaSeq5,A*02:01,A*26:01,B*07:02,B*35:03,C*04:01,C*07:02,DPB1*04:01,DPB1*04:01,DQB1*02:02,DQB1*03:01,DRB1*07:01,DRB1*11:01,,,
387,440000530808_S144_L002.clonotypes.TRB.txt,283549,42880,2020/10_FMBA_NovaSeq5,A*23:01,A*24:02,B*39:01,B*50:01,C*06:02,C*07:02,DPB1*02:01,DPB1*04:02,DQB1*02:01,DQB1*03:02,DRB1*03:01,DRB1*04:04,,,
388,440000570808_S128_L002.clonotypes.TRB.txt,2516653,26837,2020/10_FMBA_NovaSeq5,A*02:01,A*03:01,B*13:02,B*35:01,C*04:01,C*06:02,DPB1*02:01,DPB1*04:01,DQB1*03:01,DQB1*03:01,DRB1*04:01,DRB1*13:05,,,
389,440000650808_S175_L002.clonotypes.TRB.txt,1498493,27501,2020/10_FMBA_NovaSeq5,A*02:01,A*24:02,B*07:02,B*35:03,C*04:01,C*07:02,DPB1*03:01,DPB1*06:01,DQB1*03:01,DQB1*04:02,DRB1*08:01,DRB1*11:01,,,
391,440000810101_S55_L001.clonotypes.TRB.txt,5493966,33268,2020/10_FMBA_NovaSeq6,A*02:01,A*03:01,B*18:01,B*40:01,C*03:04,C*07:01,DPB1*02:01,DPB1*04:01,DQB1*03:01,DQB1*03:02,DRB1*04:04,DRB1*12:01,,,
394,440000880101_S63_L001.clonotypes.TRB.txt,1055917,29907,2020/10_FMBA_NovaSeq6,A*02:01,A*03:01,B*07:02,B*51:01,C*07:02,C*14:02,DPB1*03:01,DPB1*04:01,DQB1*06:02,DQB1*06:03,DRB1*13:01,DRB1*15:01,,,
397,440001020101_S79_L001.clonotypes.TRB.txt,3985709,47460,2020/10_FMBA_NovaSeq6,A*01:01,A*02:01,B*40:01,B*57:01,C*03:04,C*06:02,DPB1*04:01,DPB1*06:01,DQB1*03:02,DQB1*03:03,DRB1*04:04,DRB1*07:01,,,
400,440001540808_S135_L002.clonotypes.TRB.txt,1692510,47511,2020/10_FMBA_NovaSeq5,A*03:01,A*26:01,B*35:01,B*44:27,C*04:01,C*07:04,DPB1*04:01,DPB1*11:01,DQB1*02:02,DQB1*05:01,DRB1*01:01,DRB1*07:01,,,
402,440001980101_S87_L001.clonotypes.TRB.txt,3614616,66208,2020/10_FMBA_NovaSeq6,A*01:01,A*24:02,B*15:17,B*35:02,C*04:01,C*07:01,DPB1*04:01,DPB1*04:02,DQB1*03:01,DQB1*06:04,DRB1*11:04,DRB1*13:02,,,
404,440002200808_S159_L002.clonotypes.TRB.txt,2977391,45348,2020/10_FMBA_NovaSeq5,A*02:01,A*03:01,B*07:02,B*41:02,C*07:02,C*17:03,DPB1*02:01,DPB1*04:01,DQB1*02:02,DQB1*03:01,DRB1*07:01,DRB1*11:01,,,
405,440002510808_S32_L001.clonotypes.TRB.txt,8049902,51008,2020/10_FMBA_NovaSeq6,A*01:01,A*03:01,B*08:01,B*35:01,C*04:01,C*07:01,DPB1*04:01,DPB1*04:02,DQB1*02:01,DQB1*06:03,DRB1*03:01,DRB1*13:01,,,
411,440003380808_S112_L002.clonotypes.TRB.txt,2712441,48115,2020/10_FMBA_NovaSeq5,A*01:01,A*25:01,B*08:01,B*18:01,C*07:01,C*12:03,DPB1*04:01,DPB1*04:01,DQB1*02:01,DQB1*05:01,DRB1*01:01,DRB1*03:01,,,
453,470001420807_S52_L001.clonotypes.TRB.txt,2688371,16152,2020/10_FMBA_NovaSeq6,A*02:17,A*03:01,B*35:01,B*51:01,C*04:01,C*15:02,DPB1*04:01,DPB1*04:02,DQB1*05:01,DQB1*06:02,DRB1*01:01,DRB1*15:01,,,
455,470001450807_S76_L001.clonotypes.TRB.txt,4628419,13869,2020/10_FMBA_NovaSeq6,A*03:01,A*26:01,B*07:02,B*38:01,C*07:02,C*12:03,DPB1*03:01,DPB1*04:01,DQB1*03:02,DQB1*06:02,DRB1*04:02,DRB1*15:01,,,
457,470001590807_S68_L001.clonotypes.TRB.txt,3231449,15128,2020/10_FMBA_NovaSeq6,A*11:01,A*24:02,B*07:02,B*35:01,C*04:01,C*07:02,DPB1*02:01,DPB1*04:02,DQB1*02:01,DQB1*05:01,DRB1*01:01,DRB1*03:01,,,
460,470002530808_S72_L001.clonotypes.TRB.txt,516605,25602,2020/10_FMBA_NovaSeq6,A*23:01,A*26:01,B*38:01,B*44:03,C*04:01,C*12:03,DPB1*02:01,DPB1*04:01,DQB1*02:02,DQB1*05:03,DRB1*07:01,DRB1*14:01,,,
473,500000530808_S147_L002.clonotypes.TRB.txt,780750,10356,2020/10_FMBA_NovaSeq5,A*25:01,A*32:01,B*08:01,B*38:01,C*07:01,C*12:03,DPB1*01:01,DPB1*02:01,DQB1*02:01,DQB1*05:01,DRB1*03:01,DRB1*10:01,,,
477,500000910808_S186_L002.clonotypes.TRB.txt,11774216,14828,2020/10_FMBA_NovaSeq5,A*02:01,A*26:01,B*18:01,B*38:01,C*07:01,C*12:03,DPB1*04:02,DPB1*124:01,DQB1*03:01,DQB1*03:02,DRB1*04:02,DRB1*11:04,,,
480,500000990808_S107_L002.clonotypes.TRB.txt,5974611,17685,2020/10_FMBA_NovaSeq5,A*02:01,A*02:01,B*44:02,B*57:01,C*05:01,C*06:02,DPB1*04:01,DPB1*04:01,DQB1*03:03,DQB1*06:03,DRB1*07:01,DRB1*13:01,,,
481,500001010808_S178_L002.clonotypes.TRB.txt,8878583,22883,2020/10_FMBA_NovaSeq5,A*01:01,A*02:01,B*44:03,B*57:01,C*04:01,C*06:02,DPB1*02:01,DPB1*04:01,DQB1*02:02,DQB1*03:03,DRB1*07:01,DRB1*07:01,,,
484,500001200807_S74_L001.clonotypes.TRB.txt,8054615,18153,2020/10_FMBA_NovaSeq6,A*02:01,A*68:01,B*13:02,B*35:03,C*04:01,C*06:02,DPB1*02:01,DPB1*04:01,DQB1*02:02,DQB1*03:01,DRB1*07:01,DRB1*11:01,,,
485,500001210807_S66_L001.clonotypes.TRB.txt,5036840,7355,2020/10_FMBA_NovaSeq6,A*02:01,A*29:02,B*13:02,B*15:01,C*04:01,C*06:02,DPB1*03:01,DPB1*15:01,DQB1*02:02,DQB1*04:02,DRB1*07:01,DRB1*08:01,,,
486,500001220808_S123_L002.clonotypes.TRB.txt,7330496,28055,2020/10_FMBA_NovaSeq5,A*02:01,A*32:01,B*49:01,B*51:01,C*01:02,C*07:01,DPB1*19:01,DPB1*19:01,DQB1*02:02,DQB1*05:01,DRB1*01:01,DRB1*07:01,,,
487,500001230808_S139_L002.clonotypes.TRB.txt,5232503,7640,2020/10_FMBA_NovaSeq5,A*02:01,A*32:01,B*15:01N,B*57:01,C*03:03,C*06:02,DPB1*02:01,DPB1*04:01,DQB1*05:02,DQB1*06:03,DRB1*13:01,DRB1*16:01,,,
488,500001240808_S115_L002.clonotypes.TRB.txt,7376003,7762,2020/10_FMBA_NovaSeq5,A*30:01,A*30:01,B*13:02,B*37:01,C*06:02,C*06:02,DPB1*04:01,DPB1*04:01,DQB1*02:02,DQB1*03:01,DRB1*07:01,DRB1*11:01,,,
489,500001250808_S179_L002.clonotypes.TRB.txt,6985140,6383,2020/10_FMBA_NovaSeq5,A*03:01,A*24:02,B*41:02,B*44:03,C*04:01,C*17:03,DPB1*04:02,DPB1*104:01,DQB1*03:01,DQB1*03:01,DRB1*11:01,DRB1*13:03,,,
490,500001270808_S163_L002.clonotypes.TRB.txt,8882273,11286,2020/10_FMBA_NovaSeq5,A*02:01,A*02:01,B*18:01,B*38:01,C*12:03,C*12:03,DPB1*03:01,DPB1*03:01,DQB1*05:02,DQB1*06:03,DRB1*13:01,DRB1*13:01,,,
491,500001300807_S3_L001.clonotypes.TRB.txt,4818349,18428,2020/10_FMBA_NovaSeq6,A*26:01,A*68:01,B*35:03,B*39:01,C*04:01,C*12:03,DPB1*126:01,DPB1*126:01,DQB1*03:01,DQB1*06:03,DRB1*11:01,DRB1*13:01,,,
492,500001310807_S89_L001.clonotypes.TRB.txt,3959249,8867,2020/10_FMBA_NovaSeq6,A*24:02,A*25:01,B*18:01,B*44:05,C*02:02,C*12:03,DPB1*04:01,DPB1*04:01,DQB1*05:01,DQB1*06:02,DRB1*01:01,DRB1*15:01,,,
493,500001320807_S82_L001.clonotypes.TRB.txt,3983557,7672,2020/10_FMBA_NovaSeq6,A*23:01,A*26:01,B*27:05,B*49:01,C*01:02,C*07:01,DPB1*04:02,DPB1*10:01,DQB1*03:03,DQB1*05:01,DRB1*01:01,DRB1*07:01,,,
494,500001360808_S131_L002.clonotypes.TRB.txt,3502926,17896,2020/10_FMBA_NovaSeq5,A*02:01,A*02:01,B*45:01,B*51:01,C*01:02,C*16:01,DPB1*124:01,DPB1*47:01,DQB1*05:02,DQB1*06:02,DRB1*11:01,DRB1*15:01,,,
495,500001380808_S187_L002.clonotypes.TRB.txt,8783388,8835,2020/10_FMBA_NovaSeq5,A*02:01,A*24:02,B*35:03,B*56:01,C*01:02,C*04:01,DPB1*02:01,DPB1*04:01,DQB1*05:01,DQB1*06:03,DRB1*01:01,DRB1*13:01,,,
496,500001390808_S171_L002.clonotypes.TRB.txt,1178942,12140,2020/10_FMBA_NovaSeq5,A*02:01,A*25:01,B*08:01,B*44:27,C*07:01,C*07:04,DPB1*04:01,DPB1*06:01,DQB1*02:01,DQB1*03:01,DRB1*03:01,DRB1*13:03,,,
497,500001400808_S155_L002.clonotypes.TRB.txt,1171154,5213,2020/10_FMBA_NovaSeq5,A*02:01,A*23:01,B*44:03,B*52:01,C*04:01,C*12:146,DPB1*02:01,DPB1*04:02,DQB1*02:02,DQB1*06:01,DRB1*07:01,DRB1*15:02,,,
504,500002190807_S8_L001.clonotypes.TRB.txt,11650145,11005,2020/10_FMBA_NovaSeq6,A*02:01,A*23:01,B*40:02,B*44:03,C*03:04,C*04:01,DPB1*02:01,DPB1*04:01,DQB1*02:02,DQB1*04:02,DRB1*07:01,DRB1*08:01,,,
547,540002570808_S121_L002.clonotypes.TRB.txt,5134884,9764,2020/10_FMBA_NovaSeq5,A*02:01,A*02:01,B*15:01N,B*18:01,C*01:02,C*12:03,DPB1*10:01,DPB1*15:01,DQB1*03:04,DQB1*05:02,DRB1*04:08,DRB1*16:01,,,
548,540002580808_S129_L002.clonotypes.TRB.txt,903380,18643,2020/10_FMBA_NovaSeq5,A*24:02,A*30:01,B*13:02,B*18:01,C*06:02,C*12:03,DPB1*04:02,DPB1*04:02,DQB1*02:02,DQB1*03:02,DRB1*04:01,DRB1*07:01,,,
549,540002590808_S137_L002.clonotypes.TRB.txt,9520915,6248,2020/10_FMBA_NovaSeq5,A*01:01,A*03:01,B*08:01,B*15:01N,C*03:04,C*07:01,DPB1*01:01,DPB1*04:01,DQB1*02:01,DQB1*03:02,DRB1*03:01,DRB1*04:01,,,
551,540002610808_S145_L002.clonotypes.TRB.txt,6100969,2993,2020/10_FMBA_NovaSeq5,A*01:01,A*24:02,B*15:01N,B*48:01,C*03:03,C*08:03,DPB1*04:01,DPB1*05:01,DQB1*03:03,DQB1*06:03,DRB1*09:01,DRB1*13:01,,,
552,540002620808_S153_L002.clonotypes.TRB.txt,9256133,8487,2020/10_FMBA_NovaSeq5,A*02:01,A*11:01,B*07:02,B*13:02,C*06:02,C*07:02,DPB1*04:01,DPB1*04:02,DQB1*02:02,DQB1*02:02,DRB1*07:01,DRB1*07:01,,,
554,540002640808_S161_L002.clonotypes.TRB.txt,4461298,2765,2020/10_FMBA_NovaSeq5,A*02:01,A*25:01,B*15:01N,B*18:01,C*03:03,C*12:03,DPB1*02:01,DPB1*17:01,DQB1*02:02,DQB1*03:02,DRB1*04:04,DRB1*07:01,,,
555,540002650808_S169_L002.clonotypes.TRB.txt,6999525,15858,2020/10_FMBA_NovaSeq5,A*02:01,A*02:01,B*07:02,B*27:05,C*02:02,C*07:02,DPB1*04:01,DPB1*15:01,DQB1*03:02,DQB1*06:02,DRB1*04:01,DRB1*15:01,,,
556,540002660808_S177_L002.clonotypes.TRB.txt,6031467,5886,2020/10_FMBA_NovaSeq5,A*02:01,A*02:01,B*14:02,B*44:03,C*04:01,C*08:02,DPB1*04:01,DPB1*04:01,DQB1*02:02,DQB1*05:01,DRB1*01:02,DRB1*07:01,,,
557,540002670808_S185_L002.clonotypes.TRB.txt,3533511,7355,2020/10_FMBA_NovaSeq5,A*02:01,A*30:01,B*44:02,B*55:01,C*03:03,C*05:01,DPB1*04:02,DPB1*06:01,DQB1*03:01,DQB1*05:01,DRB1*01:01,DRB1*11:03,,,
558,540002680808_S98_L002.clonotypes.TRB.txt,4317677,11495,2020/10_FMBA_NovaSeq5,A*02:01,A*03:01,B*07:02,B*27:05,C*02:02,C*07:02,DPB1*03:01,DPB1*04:01,DQB1*05:01,DQB1*06:02,DRB1*01:01,DRB1*15:01,,,
559,540002690808_S106_L002.clonotypes.TRB.txt,2036728,17699,2020/10_FMBA_NovaSeq5,A*03:01,A*11:01,B*07:02,B*07:02,C*07:02,C*07:02,DPB1*04:01,DPB1*104:01,DQB1*04:02,DQB1*06:02,DRB1*08:01,DRB1*15:01,,,
560,540002700808_S114_L002.clonotypes.TRB.txt,9357326,2726,2020/10_FMBA_NovaSeq5,A*02:01,A*23:01,B*08:01,B*41:02,C*07:01,C*17:03,DPB1*02:01,DPB1*13:01,DQB1*02:01,DQB1*03:01,DRB1*03:01,DRB1*11:04,,,
561,540002720807_S18_L001.clonotypes.TRB.txt,4456607,11048,2020/10_FMBA_NovaSeq6,A*02:01,A*02:17,B*13:02,B*51:01,C*06:02,C*15:02,DPB1*04:01,DPB1*17:01,DQB1*02:02,DQB1*03:03,DRB1*07:01,DRB1*09:01,,,
562,540002740807_S26_L001.clonotypes.TRB.txt,6690437,11169,2020/10_FMBA_NovaSeq6,A*68:01,A*68:01,B*08:01,B*35:01,C*03:03,C*07:01,DPB1*04:01,DPB1*04:01,DQB1*02:01,DQB1*04:02,DRB1*03:01,DRB1*08:01,,,
563,540002750807_S34_L001.clonotypes.TRB.txt,6183693,4656,2020/10_FMBA_NovaSeq6,A*24:02,A*68:02,B*14:02,B*39:06,C*07:02,C*08:02,DPB1*02:01,DPB1*04:02,DQB1*03:01,DQB1*03:01,DRB1*12:01,DRB1*13:03,,,
564,540002760807_S42_L001.clonotypes.TRB.txt,5526985,19521,2020/10_FMBA_NovaSeq6,A*01:01,A*03:01,B*27:05,B*27:05,C*02:02,C*07:02,DPB1*04:01,DPB1*04:02,DQB1*03:01,DQB1*05:02,DRB1*11:04,DRB1*16:01,,,
565,540002770807_S50_L001.clonotypes.TRB.txt,7981650,11387,2020/10_FMBA_NovaSeq6,A*01:01,A*02:01,B*07:02,B*08:01,C*07:01,C*07:02,DPB1*01:01,DPB1*04:02,DQB1*02:01,DQB1*06:03,DRB1*03:01,DRB1*13:01,,,
567,540002790807_S58_L001.clonotypes.TRB.txt,5425585,7682,2020/10_FMBA_NovaSeq6,A*02:01,A*02:01,B*07:02,B*40:01,C*03:04,C*07:02,DPB1*04:01,DPB1*19:01,DQB1*06:02,DQB1*06:03,DRB1*13:01,DRB1*15:01,,,
589,550000660808_S156_L002.clonotypes.TRB.txt,5963385,22422,2020/10_FMBA_NovaSeq4,A*02:01,A*24:02,B*07:02,B*37:01,C*02:02,C*07:02,DPB1*03:01,DPB1*04:01,DQB1*04:02,DQB1*05:02,DRB1*08:01,DRB1*15:01,,,
590,550000710808_S139_L002.clonotypes.TRB.txt,8887349,15203,2020/10_FMBA_NovaSeq4,A*03:01,A*24:02,B*07:02,B*13:02,C*06:02,C*07:02,DPB1*05:01,DPB1*17:01,DQB1*02:02,DQB1*06:03,DRB1*07:01,DRB1*13:01,,,
591,550000750808_S138_L002.clonotypes.TRB.txt,7788248,30204,2020/10_FMBA_NovaSeq4,A*24:02,A*25:01,B*27:05,B*39:01,C*02:02,C*07:02,DPB1*04:01,DPB1*15:01,DQB1*03:02,DQB1*05:01,DRB1*01:01,DRB1*04:04,,,
592,550001010808_S147_L002.clonotypes.TRB.txt,4674665,19009,2020/10_FMBA_NovaSeq4,A*02:01,A*68:01,B*27:05,B*44:02,C*01:02,C*07:04,DPB1*01:01,DPB1*04:02,DQB1*03:01,DQB1*05:01,DRB1*01:01,DRB1*11:01,,,
593,550001080808_S146_L002.clonotypes.TRB.txt,10011991,25187,2020/10_FMBA_NovaSeq4,A*01:01,A*02:01,B*08:01,B*13:02,C*06:02,C*07:01,DPB1*04:01,DPB1*04:01,DQB1*02:02,DQB1*02:02,DRB1*03:01,DRB1*07:01,,,
594,550001180808_S115_L002.clonotypes.TRB.txt,10431457,12664,2020/10_FMBA_NovaSeq4,A*02:01,A*11:01,B*07:02,B*51:01,C*01:02,C*07:02,DPB1*04:01,DPB1*04:02,DQB1*03:01,DQB1*05:01,DRB1*01:01,DRB1*11:01,,,
595,550001240808_S130_L002.clonotypes.TRB.txt,7526949,18257,2020/10_FMBA_NovaSeq4,A*01:01,A*01:01,B*13:02,B*51:01,C*06:02,C*14:02,DPB1*04:01,DPB1*14:01,DQB1*02:02,DQB1*03:01,DRB1*07:01,DRB1*11:01,,,
596,550001250808_S164_L002.clonotypes.TRB.txt,1725485,38369,2020/10_FMBA_NovaSeq4,A*02:01,A*26:01,B*15:01N,B*18:01,C*03:03,C*07:01,DPB1*02:01,DPB1*04:01,DQB1*03:01,DQB1*06:03,DRB1*11:04,DRB1*13:01,,,
597,550001450808_S163_L002.clonotypes.TRB.txt,5404455,6860,2020/10_FMBA_NovaSeq4,A*01:01,A*02:01,B*44:02,B*52:01,C*05:01,C*12:02,DPB1*04:01,DPB1*13:01,DQB1*03:01,DQB1*06:01,DRB1*12:01,DRB1*15:02,,,
598,550001480808_S114_L002.clonotypes.TRB.txt,4649188,20284,2020/10_FMBA_NovaSeq4,A*01:01,A*11:01,B*15:01,B*57:01,C*01:02,C*06:02,DPB1*04:02,DPB1*04:02,DQB1*03:02,DQB1*03:03,DRB1*04:01,DRB1*07:01,,,
599,550001560808_S154_L002.clonotypes.TRB.txt,9571149,28771,2020/10_FMBA_NovaSeq4,A*02:01,A*25:01,B*07:02,B*44:27,C*07:02,C*07:04,DPB1*04:01,DPB1*04:01,DQB1*05:02,DQB1*06:02,DRB1*15:01,DRB1*16:01,,,
600,550001590808_S179_L002.clonotypes.TRB.txt,6374296,9394,2020/10_FMBA_NovaSeq4,A*03:01,A*03:01,B*07:02,B*07:02,C*07:02,C*07:02,DPB1*04:02,DPB1*23:01,DQB1*06:02,DQB1*06:02,DRB1*15:01,DRB1*15:01,,,
601,550001610808_S148_L002.clonotypes.TRB.txt,2444908,22301,2020/10_FMBA_NovaSeq4,A*02:01,A*11:01,B*35:02,B*52:01,C*06:02,C*12:02,DPB1*104:01,DPB1*19:01,DQB1*03:01,DQB1*05:01,DRB1*01:01,DRB1*11:04,,,
602,550001640808_S140_L002.clonotypes.TRB.txt,8252734,19480,2020/10_FMBA_NovaSeq4,A*02:01,A*24:02,B*18:01,B*38:01,C*05:01,C*12:03,DPB1*02:01,DPB1*02:02,DQB1*02:01,DQB1*06:03,DRB1*03:01,DRB1*13:01,,,
603,550001670808_S187_L002.clonotypes.TRB.txt,4178576,30061,2020/10_FMBA_NovaSeq4,A*02:01,A*03:01,B*40:02,B*41:02,C*03:04,C*17:03,DPB1*01:01,DPB1*04:01,DQB1*03:01,DQB1*03:01,DRB1*11:01,DRB1*13:03,,,
604,550001680808_S180_L002.clonotypes.TRB.txt,2640362,14439,2020/10_FMBA_NovaSeq4,A*01:01,A*02:01,B*13:02,B*51:01,C*06:02,C*16:02,DPB1*04:01,DPB1*04:01,DQB1*02:02,DQB1*02:02,DRB1*07:01,DRB1*07:01,,,
605,550001850808_S122_L002.clonotypes.TRB.txt,9543430,11828,2020/10_FMBA_NovaSeq4,A*01:01,A*02:06,B*15:01N,B*35:01,C*03:04,C*04:01,DPB1*02:01,DPB1*10:01,DQB1*03:02,DQB1*05:01,DRB1*01:01,DRB1*04:01,,,
606,550002130808_S107_L002.clonotypes.TRB.txt,8718375,24230,2020/10_FMBA_NovaSeq4,A*01:01,A*24:02,B*07:02,B*57:01,C*06:02,C*07:02,DPB1*04:01,DPB1*04:01,DQB1*03:03,DQB1*05:02,DRB1*07:01,DRB1*16:01,,,
607,550002140808_S123_L002.clonotypes.TRB.txt,8665955,7221,2020/10_FMBA_NovaSeq4,A*02:01,A*03:01,B*15:01N,B*15:01N,C*03:03,C*03:03,DPB1*02:01,DPB1*02:01,DQB1*03:02,DQB1*03:02,DRB1*04:01,DRB1*04:01,,,
609,550002480808_S170_L002.clonotypes.TRB.txt,5894419,9159,2020/10_FMBA_NovaSeq4,A*02:01,A*03:01,B*07:02,B*39:06,C*07:02,C*07:02,DPB1*04:01,DPB1*04:01,DQB1*05:01,DQB1*06:02,DRB1*01:01,DRB1*15:01,,,
610,550002510808_S162_L002.clonotypes.TRB.txt,6623039,24045,2020/10_FMBA_NovaSeq4,A*02:01,A*02:01,B*13:02,B*42:02,C*06:02,C*17:01,DPB1*02:01,DPB1*04:01,DQB1*02:02,DQB1*03:01,DRB1*07:01,DRB1*13:03,,,
611,550002560808_S178_L002.clonotypes.TRB.txt,8266048,17991,2020/10_FMBA_NovaSeq4,A*02:01,A*02:01,B*08:01,B*15:01N,C*02:02,C*07:01,DPB1*01:01,DPB1*02:01,DQB1*02:01,DQB1*03:01,DRB1*03:01,DRB1*11:01,,,
612,550002620808_S172_L002.clonotypes.TRB.txt,6148934,18373,2020/10_FMBA_NovaSeq4,A*11:01,A*68:01,B*15:01N,B*51:01,C*03:04,C*04:01,DPB1*03:01,DPB1*04:01,DQB1*03:01,DQB1*03:02,DRB1*04:01,DRB1*04:07,,,
613,550002640808_S171_L002.clonotypes.TRB.txt,6553878,15109,2020/10_FMBA_NovaSeq4,A*11:01,A*25:01,B*15:01N,B*18:01,C*01:02,C*12:03,DPB1*04:01,DPB1*04:02,DQB1*03:01,DQB1*03:02,DRB1*04:01,DRB1*11:01,,,
614,550002650808_S108_L002.clonotypes.TRB.txt,7034183,21061,2020/10_FMBA_NovaSeq4,A*01:01,A*02:01,B*14:02,B*41:02,C*08:02,C*17:03,DPB1*04:01,DPB1*17:01,DQB1*02:02,DQB1*03:02,DRB1*04:01,DRB1*07:01,,,
615,550002660808_S124_L002.clonotypes.TRB.txt,8384040,17471,2020/10_FMBA_NovaSeq4,A*02:01,A*68:01,B*44:02,B*44:02,C*05:01,C*07:04,DPB1*02:01,DPB1*02:01,DQB1*03:01,DQB1*03:01,DRB1*11:01,DRB1*11:01,,,
616,550002670808_S116_L002.clonotypes.TRB.txt,9514249,12872,2020/10_FMBA_NovaSeq4,A*03:01,A*26:01,B*07:02,B*49:01,C*07:01,C*07:02,DPB1*04:01,DPB1*04:01,DQB1*05:04,DQB1*06:02,DRB1*01:01,DRB1*15:01,,,
617,550002680808_S155_L002.clonotypes.TRB.txt,5274386,17923,2020/10_FMBA_NovaSeq4,A*02:01,A*02:01,B*15:18,B*18:01,C*07:01,C*07:04,DPB1*02:01,DPB1*02:01,DQB1*03:01,DQB1*03:01,DRB1*11:01,DRB1*11:04,,,
618,550002690808_S132_L002.clonotypes.TRB.txt,5547727,19566,2020/10_FMBA_NovaSeq4,A*30:01,A*30:01,B*13:02,B*51:01,C*06:02,C*16:02,DPB1*04:01,DPB1*04:02,DQB1*02:02,DQB1*06:02,DRB1*07:01,DRB1*15:01,,,
619,550002710808_S185_L002.clonotypes.TRB.txt,6555066,16212,2020/10_FMBA_NovaSeq4,A*02:06,A*31:01,B*13:02,B*27:05,C*02:02,C*06:02,DPB1*03:01,DPB1*17:01,DQB1*02:02,DQB1*03:02,DRB1*04:04,DRB1*07:01,,,
621,550003210807_S54_L001.clonotypes.TRB.txt,5532581,19651,2020/10_FMBA_NovaSeq6,A*02:01,A*26:01,B*18:01,B*44:02,C*05:01,C*07:01,DPB1*04:01,DPB1*04:02,DQB1*03:01,DQB1*05:01,DRB1*07:01,DRB1*11:04,,,
622,550003260808_S186_L002.clonotypes.TRB.txt,5449475,8198,2020/10_FMBA_NovaSeq4,A*24:02,A*33:01,B*39:01,B*44:03,C*04:01,C*07:02,DPB1*02:01,DPB1*04:01,DQB1*03:02,DQB1*03:02,DRB1*04:03,DRB1*04:04,,,
623,550003350807_S38_L001.clonotypes.TRB.txt,5791423,8469,2020/10_FMBA_NovaSeq6,A*24:02,A*32:01,B*07:02,B*39:01,C*07:02,C*12:03,DPB1*02:01,DPB1*04:01,DQB1*05:02,DQB1*06:03,DRB1*13:01,DRB1*16:01,,,
624,550004220808_S150_L002.clonotypes.TRB.txt,5460363,16595,2020/10_FMBA_NovaSeq6,A*11:01,A*24:02,B*40:02,B*56:01,C*01:02,C*03:04,DPB1*02:01,DPB1*03:01,DQB1*03:01,DQB1*06:01,DRB1*11:69,DRB1*15:02,,,
626,580001990808_S59_L001.clonotypes.TRB.txt,3970875,6653,2020/10_FMBA_NovaSeq4,A*11:01,A*25:01,B*07:02,B*18:01,C*07:02,C*12:03,DPB1*02:01,DPB1*04:01,DQB1*03:02,DQB1*06:02,DRB1*04:01,DRB1*15:01,,,
669,630001750807_S85_L001.clonotypes.TRB.txt,5231512,16539,2020/10_FMBA_NovaSeq6,A*03:01,A*32:01,B*27:05,B*35:01,C*01:02,C*04:01,DPB1*03:01,DPB1*04:02,DQB1*02:01,DQB1*05:01,DRB1*01:01,DRB1*03:01,,,
670,630001790807_S92_L001.clonotypes.TRB.txt,9255092,11493,2020/10_FMBA_NovaSeq6,A*03:01,A*25:01,B*15:01N,B*35:01,C*04:01,C*04:01,DPB1*04:02,DPB1*04:02,DQB1*03:03,DQB1*05:01,DRB1*01:01,DRB1*07:01,,,
672,630002250807_S86_L001.clonotypes.TRB.txt,5026776,23862,2020/10_FMBA_NovaSeq6,A*01:01,A*33:01,B*08:01,B*14:02,C*07:01,C*08:02,DPB1*02:01,DPB1*23:01,DQB1*02:01,DQB1*03:01,DRB1*03:01,DRB1*11:04,,,
675,630002350807_S93_L001.clonotypes.TRB.txt,12958755,14945,2020/10_FMBA_NovaSeq6,A*01:01,A*30:01,B*13:02,B*14:02,C*06:02,C*08:02,DPB1*02:01,DPB1*104:01,DQB1*05:03,DQB1*06:09,DRB1*13:02,DRB1*14:54,,,
677,630002730807_S78_L001.clonotypes.TRB.txt,4580088,22419,2020/10_FMBA_NovaSeq6,A*02:01,A*24:02,B*07:02,B*48:01,C*07:02,C*08:03,DPB1*04:02,DPB1*17:01,DQB1*02:02,DQB1*03:01,DRB1*07:01,DRB1*12:01,,,
678,630003040808_S48_L001.clonotypes.TRB.txt,6014312,7930,2020/10_FMBA_NovaSeq6,A*03:01,A*11:01,B*07:02,B*40:01,C*03:04,C*07:02,DPB1*03:01,DPB1*03:01,DQB1*04:02,DQB1*06:04,DRB1*08:01,DRB1*13:02,,,
682,640000470808_S21_L001.clonotypes.TRB.txt,414727,14277,2020/10_FMBA_NovaSeq4,A*01:01,A*02:01,B*37:01,B*51:01,C*06:02,C*14:02,DPB1*03:01,DPB1*04:02,DQB1*03:01,DQB1*04:02,DRB1*08:01,DRB1*11:03,,,
684,640001680808_S14_L001.clonotypes.TRB.txt,7286041,6668,2020/10_FMBA_NovaSeq4,A*01:01,A*11:01,B*07:02,B*37:01,C*06:02,C*07:02,DPB1*04:01,DPB1*04:02,DQB1*04:02,DQB1*05:01,DRB1*08:01,DRB1*10:01,,,
685,640001690808_S22_L001.clonotypes.TRB.txt,7522288,7411,2020/10_FMBA_NovaSeq4,A*01:01,A*02:01,B*14:02,B*15:01,C*04:01,C*08:02,DPB1*04:01,DPB1*13:01,DQB1*02:01,DQB1*03:02,DRB1*03:01,DRB1*04:04,,,
686,640001780808_S30_L001.clonotypes.TRB.txt,6845685,18158,2020/10_FMBA_NovaSeq4,A*02:01,A*26:01,B*48:01,B*51:01,C*04:01,C*08:03,DPB1*04:01,DPB1*04:02,DQB1*03:01,DQB1*06:03,DRB1*04:07,DRB1*13:01,,,
687,640001850808_S38_L001.clonotypes.TRB.txt,4317800,23068,2020/10_FMBA_NovaSeq4,A*02:01,A*02:01,B*13:02,B*18:01,C*06:02,C*12:03,DPB1*02:01,DPB1*02:01,DQB1*02:02,DQB1*05:02,DRB1*07:01,DRB1*16:01,,,
688,640001860808_S46_L001.clonotypes.TRB.txt,6324119,15519,2020/10_FMBA_NovaSeq4,A*03:01,A*26:01,B*13:02,B*49:01,C*06:02,C*07:01,DPB1*04:01,DPB1*04:01,DQB1*02:02,DQB1*06:02,DRB1*07:01,DRB1*15:01,,,
689,640001870808_S54_L001.clonotypes.TRB.txt,6052726,28357,2020/10_FMBA_NovaSeq4,A*01:01,A*01:01,B*38:01,B*57:01,C*06:02,C*12:02,DPB1*04:02,DPB1*05:01,DQB1*02:02,DQB1*06:03,DRB1*07:01,DRB1*13:01,,,
690,640001880808_S62_L001.clonotypes.TRB.txt,4752814,12530,2020/10_FMBA_NovaSeq4,A*02:01,A*24:02,B*44:02,B*51:01,C*01:02,C*05:01,DPB1*04:01,DPB1*05:01,DQB1*03:01,DQB1*03:03,DRB1*04:01,DRB1*13:01,,,
691,640001890808_S70_L001.clonotypes.TRB.txt,7905191,13207,2020/10_FMBA_NovaSeq4,A*02:01,A*24:02,B*07:02,B*41:02,C*07:02,C*17:03,DPB1*04:01,DPB1*04:02,DQB1*03:01,DQB1*03:03,DRB1*07:01,DRB1*13:03,,,
692,640001910808_S37_L001.clonotypes.TRB.txt,5148808,16687,2020/10_FMBA_NovaSeq4,A*03:01,A*24:02,B*07:02,B*35:01,C*04:01,C*07:02,DPB1*04:02,DPB1*15:01,DQB1*03:01,DQB1*05:01,DRB1*01:01,DRB1*13:03,,,
693,640001920808_S45_L001.clonotypes.TRB.txt,5305710,11856,2020/10_FMBA_NovaSeq4,A*02:01,A*03:01,B*13:02,B*44:27,C*06:02,C*07:04,DPB1*04:01,DPB1*04:01,DQB1*05:02,DQB1*06:02,DRB1*15:01,DRB1*16:01,,,
694,640001930808_S53_L001.clonotypes.TRB.txt,3498291,15077,2020/10_FMBA_NovaSeq4,A*03:01,A*29:02,B*08:01,B*44:03,C*07:01,C*16:01,DPB1*04:02,DPB1*11:01,DQB1*02:01,DQB1*02:01,DRB1*03:01,DRB1*07:01,,,
695,640001950808_S61_L001.clonotypes.TRB.txt,4149628,9728,2020/10_FMBA_NovaSeq4,A*01:01,A*02:01,B*08:01,B*41:02,C*07:01,C*17:03,DPB1*01:01,DPB1*104:01,DQB1*02:01,DQB1*03:01,DRB1*03:01,DRB1*13:03,,,
696,640001980808_S85_L001.clonotypes.TRB.txt,5770712,9756,2020/10_FMBA_NovaSeq4,A*03:01,A*11:01,B*35:01,B*44:03,C*04:01,C*16:01,DPB1*04:02,DPB1*11:01,DQB1*02:02,DQB1*05:01,DRB1*01:01,DRB1*07:01,,,
697,640001990808_S93_L001.clonotypes.TRB.txt,1976185,4563,2020/10_FMBA_NovaSeq4,A*11:01,A*24:02,B*35:01,B*35:08,C*04:01,C*04:01,DPB1*02:01,DPB1*104:01,DQB1*03:01,DQB1*05:03,DRB1*11:01,DRB1*14:54,,,
698,640002010808_S78_L001.clonotypes.TRB.txt,4073138,25931,2020/10_FMBA_NovaSeq4,A*03:01,A*24:02,B*07:02,B*40:02,C*02:02,C*07:02,DPB1*04:01,DPB1*11:01,DQB1*03:01,DQB1*06:02,DRB1*11:01,DRB1*15:01,,,
699,640002020808_S39_L001.clonotypes.TRB.txt,339595,20672,2020/10_FMBA_NovaSeq4,A*02:01,A*33:01,B*14:02,B*44:02,C*05:01,C*08:02,DPB1*04:01,DPB1*04:01,DQB1*03:01,DQB1*05:01,DRB1*01:02,DRB1*11:03,,,
700,640002070808_S176_L002.clonotypes.TRB.txt,4413645,21291,2020/10_FMBA_NovaSeq4,A*03:01,A*30:01,B*13:02,B*35:01,C*04:01,C*06:02,DPB1*04:01,DPB1*06:01,DQB1*03:02,DQB1*05:01,DRB1*01:01,DRB1*04:04,,,
701,640002090808_S65_L001.clonotypes.TRB.txt,6249077,13537,2020/10_FMBA_NovaSeq4,A*02:01,A*03:01,B*35:01,B*56:01,C*01:02,C*07:02,DPB1*02:01,DPB1*13:01,DQB1*03:02,DQB1*05:01,DRB1*01:01,DRB1*04:01,,,
702,640002170101_S51_L001.clonotypes.TRB.txt,3989823,19040,2020/12_FMBA_Novaseq8_DNA,A*11:01,A*26:01,B*07:02,B*49:01,C*07:01,C*07:02,DPB1*03:01,DPB1*04:02,DQB1*03:01,DQB1*05:02,DRB1*13:05,DRB1*16:01,,,
703,640002180808_S33_L001.clonotypes.TRB.txt,4148387,31913,2020/10_FMBA_NovaSeq4,A*01:01,A*01:01,B*08:01,B*57:01,C*06:02,C*07:01,DPB1*01:01,DPB1*02:01,DQB1*02:01,DQB1*03:01,DRB1*03:01,DRB1*11:01,,,
704,640002210808_S15_L001.clonotypes.TRB.txt,5765079,23412,2020/10_FMBA_NovaSeq4,A*01:01,A*02:01,B*40:02,B*52:01,C*02:02,C*12:02,DPB1*04:01,DPB1*04:01,DQB1*03:01,DQB1*06:01,DRB1*11:01,DRB1*15:02,,,
705,640002220808_S31_L001.clonotypes.TRB.txt,5034628,20258,2020/10_FMBA_NovaSeq4,A*11:01,A*32:01,B*27:02,B*35:01,C*02:02,C*04:01,DPB1*03:01,DPB1*04:01,DQB1*03:01,DQB1*05:01,DRB1*01:01,DRB1*11:01,,,
706,640002280808_S25_L001.clonotypes.TRB.txt,5125572,27181,2020/10_FMBA_NovaSeq4,A*02:01,A*02:01,B*13:02,B*40:01,C*03:04,C*06:02,DPB1*04:01,DPB1*04:02,DQB1*02:02,DQB1*03:01,DRB1*07:01,DRB1*12:01,,,
707,640002310808_S7_L001.clonotypes.TRB.txt,5195461,14749,2020/10_FMBA_NovaSeq4,A*02:01,A*02:01,B*18:01,B*44:05,C*02:02,C*07:01,DPB1*02:01,DPB1*04:02,DQB1*03:01,DQB1*06:03,DRB1*11:04,DRB1*13:01,,,
708,640002380808_S17_L001.clonotypes.TRB.txt,4202734,18521,2020/10_FMBA_NovaSeq4,A*03:01,A*32:01,B*35:08,B*40:02,C*02:02,C*04:01,DPB1*04:01,DPB1*04:01,DQB1*03:01,DQB1*03:01,DRB1*11:01,DRB1*13:05,,,
709,640002700808_S73_L001.clonotypes.TRB.txt,4317341,15704,2020/10_FMBA_NovaSeq4,A*01:01,A*25:01,B*08:01,B*18:01,C*07:01,C*12:03,DPB1*04:01,DPB1*04:01,DQB1*02:01,DQB1*03:02,DRB1*03:01,DRB1*04:01,,,
710,640002710808_S94_L001.clonotypes.TRB.txt,4394246,32583,2020/10_FMBA_NovaSeq4,A*02:01,A*03:01,B*07:02,B*40:02,C*02:02,C*07:02,DPB1*03:01,DPB1*04:01,DQB1*02:01,DQB1*03:01,DRB1*03:01,DRB1*12:01,,,
711,640002780101_S53_L001.clonotypes.TRB.txt,3913894,28445,2020/12_FMBA_Novaseq8_DNA,A*03:01,A*26:01,B*27:05,B*56:01,C*01:02,C*02:02,DPB1*04:01,DPB1*06:01,DQB1*04:02,DQB1*05:01,DRB1*01:01,DRB1*08:01,,,
712,640002890808_S49_L001.clonotypes.TRB.txt,4302451,29235,2020/10_FMBA_NovaSeq4,A*01:01,A*24:02,B*07:02,B*08:01,C*07:01,C*07:02,DPB1*04:01,DPB1*04:01,DQB1*03:01,DQB1*03:02,DRB1*04:01,DRB1*11:01,,,
713,640002910808_S86_L001.clonotypes.TRB.txt,3422204,21262,2020/10_FMBA_NovaSeq4,A*25:01,A*25:01,B*18:01,B*37:01,C*06:02,C*12:03,DPB1*04:01,DPB1*23:01,DQB1*05:01,DQB1*06:02,DRB1*10:01,DRB1*15:01,,,
714,640002920808_S23_L001.clonotypes.TRB.txt,5504870,14031,2020/10_FMBA_NovaSeq4,A*01:01,A*02:01,B*08:01,B*40:01,C*03:04,C*07:01,DPB1*04:01,DPB1*04:01,DQB1*03:01,DQB1*03:01,DRB1*11:01,DRB1*12:01,,,
715,640002980101_S52_L001.clonotypes.TRB.txt,3431353,25170,2020/12_FMBA_Novaseq8_DNA,A*11:01,A*30:01,B*39:01,B*51:01,C*01:02,C*04:01,DPB1*04:01,DPB1*04:01,DQB1*03:01,DQB1*05:01,DRB1*01:01,DRB1*04:08,,,
716,640003070808_S11_L001.clonotypes.TRB.txt,3597229,26486,2020/10_FMBA_NovaSeq4,A*33:01,A*68:01,B*14:02,B*35:03,C*04:01,C*08:02,DPB1*04:01,DPB1*04:01,DQB1*03:01,DQB1*05:01,DRB1*01:02,DRB1*11:03,,,
717,640003080808_S29_L001.clonotypes.TRB.txt,3038202,7472,2020/10_FMBA_NovaSeq4,A*02:01,A*31:01,B*07:02,B*18:01,C*07:01,C*07:02,DPB1*02:01,DPB1*04:01,DQB1*05:02,DQB1*06:03,DRB1*13:01,DRB1*16:01,,,
718,640003090808_S5_L001.clonotypes.TRB.txt,1176936,26386,2020/10_FMBA_NovaSeq4,A*02:01,A*24:02,B*40:02,B*41:02,C*03:04,C*17:03,DPB1*01:01,DPB1*04:01,DQB1*02:02,DQB1*05:02,DRB1*07:01,DRB1*16:01,,,
719,640003130808_S90_L001.clonotypes.TRB.txt,1548201,7625,2020/10_FMBA_NovaSeq4,A*02:01,A*02:01,B*41:01,B*44:03,C*04:01,C*17:01,DPB1*04:01,DPB1*14:01,DQB1*02:02,DQB1*03:03,DRB1*07:01,DRB1*07:01,,,
720,640003430808_S50_L001.clonotypes.TRB.txt,4986975,14214,2020/10_FMBA_NovaSeq4,A*01:01,A*03:01,B*08:01,B*38:01,C*07:01,C*12:03,DPB1*01:01,DPB1*04:01,DQB1*02:01,DQB1*05:01,DRB1*01:01,DRB1*03:01,,,
721,640003490808_S58_L001.clonotypes.TRB.txt,6404047,21651,2020/10_FMBA_NovaSeq4,A*11:01,A*11:01,B*35:01,B*35:03,C*04:01,C*12:03,DPB1*04:02,DPB1*15:01,DQB1*03:04,DQB1*05:03,DRB1*04:08,DRB1*14:54,,,
722,640003520808_S89_L001.clonotypes.TRB.txt,135019,12258,2020/10_FMBA_NovaSeq4,A*24:02,A*24:02,B*13:01,B*44:05,C*02:02,C*03:04,DPB1*04:01,DPB1*05:01,DQB1*03:01,DQB1*05:02,DRB1*12:02,DRB1*16:01,,,
723,640003540101_S54_L001.clonotypes.TRB.txt,4120328,14251,2020/12_FMBA_Novaseq8_DNA,A*03:01,A*26:01,B*13:02,B*38:01,C*06:02,C*12:03,DPB1*04:01,DPB1*04:02,DQB1*02:02,DQB1*06:02,DRB1*07:01,DRB1*15:01,,,
724,640003580808_S34_L001.clonotypes.TRB.txt,6459558,8304,2020/10_FMBA_NovaSeq4,A*02:01,A*03:01,B*07:02,B*13:02,C*06:02,C*07:02,DPB1*03:01,DPB1*04:01,DQB1*02:02,DQB1*03:02,DRB1*04:01,DRB1*07:01,,,
725,640003600808_S42_L001.clonotypes.TRB.txt,3535106,18294,2020/10_FMBA_NovaSeq4,A*01:01,A*01:01,B*08:01,B*44:02,C*05:01,C*07:01,DPB1*02:01,DPB1*04:02,DQB1*02:01,DQB1*06:03,DRB1*03:01,DRB1*13:01,,,
804,690000060101_S60_L001.clonotypes.TRB.txt,3646790,26617,2020/12_FMBA_Novaseq8_DNA,A*11:01,A*68:01,B*15:01N,B*18:01,C*04:01,C*07:01,DPB1*04:01,DPB1*04:01,DQB1*04:02,DQB1*06:02,DRB1*08:01,DRB1*15:01,,,
805,690000080807_S19_L001.clonotypes.TRB.txt,2007120,10160,2020/10_FMBA_NovaSeq6,A*02:01,A*68:01,B*15:01,B*35:01,C*03:03,C*04:01,DPB1*02:01,DPB1*04:02,DQB1*05:01,DQB1*06:03,DRB1*01:01,DRB1*13:01,,,
810,690000370808_S24_L001.clonotypes.TRB.txt,14868116,13384,2020/10_FMBA_NovaSeq6,A*03:01,A*23:01,B*35:03,B*41:01,C*04:01,C*17:01,DPB1*02:01,DPB1*04:02,DQB1*02:02,DQB1*05:01,DRB1*01:01,DRB1*07:01,,,
811,690000430101_S61_L001.clonotypes.TRB.txt,3957727,7433,2020/12_FMBA_Novaseq8_DNA,A*02:01,A*24:02,B*18:01,B*41:02,C*07:01,C*17:03,DPB1*04:01,DPB1*104:01,DQB1*03:01,DQB1*03:01,DRB1*11:04,DRB1*13:03,,,
814,690000940807_S43_L001.clonotypes.TRB.txt,251915,24344,2020/10_FMBA_NovaSeq6,A*03:01,A*11:01,B*35:01,B*35:03,C*04:01,C*12:03,DPB1*04:02,DPB1*06:01,DQB1*02:02,DQB1*05:01,DRB1*01:01,DRB1*07:01,,,
815,690000970101_S64_L001.clonotypes.TRB.txt,3945676,18838,2020/12_FMBA_Novaseq8_DNA,A*01:01,A*02:01,B*15:01N,B*44:02,C*03:03,C*05:01,DPB1*02:01,DPB1*16:01,DQB1*03:01,DQB1*06:03,DRB1*11:01,DRB1*13:01,,,
817,690001010101_S62_L001.clonotypes.TRB.txt,4214685,22012,2020/12_FMBA_Novaseq8_DNA,A*03:01,A*32:01,B*07:02,B*38:01,C*07:02,C*12:03,DPB1*04:01,DPB1*15:01,DQB1*03:02,DQB1*06:02,DRB1*04:04,DRB1*15:01,,,
818,690001050808_S122_L002.clonotypes.TRB.txt,7649318,10973,2020/10_FMBA_NovaSeq5,A*02:01,A*26:01,B*15:01N,B*15:01N,C*03:03,C*07:04,DPB1*04:01,DPB1*04:01,DQB1*03:02,DQB1*03:02,DRB1*04:01,DRB1*04:02,,,
819,690001060808_S162_L002.clonotypes.TRB.txt,6970335,5339,2020/10_FMBA_NovaSeq5,A*03:01,A*03:01,B*07:02,B*35:01,C*04:01,C*07:02,DPB1*04:01,DPB1*04:01,DQB1*05:01,DQB1*06:02,DRB1*01:01,DRB1*15:01,,,
820,690001110808_S146_L002.clonotypes.TRB.txt,3572425,11886,2020/10_FMBA_NovaSeq5,A*02:01,A*32:01,B*18:01,B*44:02,C*05:01,C*12:03,DPB1*02:01,DPB1*04:02,DQB1*03:01,DQB1*03:01,DRB1*11:04,DRB1*11:04,,,
821,690001120808_S124_L002.clonotypes.TRB.txt,2615023,15770,2020/10_FMBA_NovaSeq5,A*03:01,A*24:02,B*07:02,B*18:01,C*07:01,C*07:02,DPB1*04:01,DPB1*04:02,DQB1*03:01,DQB1*06:02,DRB1*11:04,DRB1*15:01,,,
822,690001140808_S97_L002.clonotypes.TRB.txt,1456819,5571,2020/10_FMBA_NovaSeq5,A*02:01,A*24:02,B*07:02,B*55:01,C*07:02,C*12:03,DPB1*04:02,DPB1*17:01,DQB1*02:02,DQB1*05:01,DRB1*01:01,DRB1*07:01,,,
823,690001150808_S16_L001.clonotypes.TRB.txt,12584029,20433,2020/10_FMBA_NovaSeq6,A*01:01,A*24:02,B*08:01,B*52:01,C*07:01,C*12:02,DPB1*02:01,DPB1*03:01,DQB1*02:01,DQB1*05:01,DRB1*01:01,DRB1*03:01,,,
832,690002050808_S99_L002.clonotypes.TRB.txt,937595,33854,2020/10_FMBA_NovaSeq5,A*02:01,A*11:83,B*07:02,B*15:01N,C*03:04,C*07:02,DPB1*04:02,DPB1*104:01,DQB1*02:02,DQB1*05:01,DRB1*01:01,DRB1*07:01,,,
868,730003910808_S67_L001.clonotypes.TRB.txt,4691504,20659,2020/10_FMBA_NovaSeq4,A*11:01,A*24:02,B*35:03,B*55:02,C*01:02,C*04:01,DPB1*05:01,DPB1*13:01,DQB1*03:01,DQB1*03:03,DRB1*07:01,DRB1*11:01,,,
879,770101520808_S102_L002.clonotypes.TRB.txt,7823059,23157,2020/10_FMBA_NovaSeq6,A*02:01,A*02:01,B*18:01,B*40:01,C*03:04,C*07:01,DPB1*04:01,DPB1*04:02,DQB1*03:01,DQB1*06:02,DRB1*11:04,DRB1*15:01,,,
882,770101790807_S4_L001.clonotypes.TRB.txt,4218900,7354,2020/10_FMBA_NovaSeq6,A*03:01,A*31:01,B*40:01,B*44:27,C*03:04,C*07:04,DPB1*02:01,DPB1*04:01,DQB1*03:02,DQB1*05:02,DRB1*04:04,DRB1*16:01,,,
883,770101940807_S90_L001.clonotypes.TRB.txt,8377488,14350,2020/10_FMBA_NovaSeq6,A*23:01,A*26:01,B*44:02,B*49:01,C*03:03,C*07:01,DPB1*04:01,DPB1*04:01,DQB1*03:01,DQB1*03:01,DRB1*11:01,DRB1*11:03,,,
884,770101970807_S12_L001.clonotypes.TRB.txt,2326275,8183,2020/10_FMBA_NovaSeq6,A*24:02,A*32:01,B*40:02,B*52:01,C*02:02,C*12:02,DPB1*02:01,DPB1*04:01,DQB1*03:01,DQB1*06:01,DRB1*11:01,DRB1*15:02,,,
887,770102700807_S20_L001.clonotypes.TRB.txt,3749226,15159,2020/10_FMBA_NovaSeq6,A*11:01,A*31:01,B*14:02,B*50:01,C*06:02,C*08:02,DPB1*03:01,DPB1*04:01,DQB1*02:01,DQB1*05:01,DRB1*01:02,DRB1*03:01,,,
888,770102730807_S36_L001.clonotypes.TRB.txt,6663078,28234,2020/10_FMBA_NovaSeq6,A*01:01,A*24:02,B*07:02,B*08:01,C*07:01,C*07:02,DPB1*04:01,DPB1*04:01,DQB1*03:01,DQB1*06:02,DRB1*11:01,DRB1*15:01,,,
889,770102750807_S28_L001.clonotypes.TRB.txt,4002997,14308,2020/10_FMBA_NovaSeq6,A*02:01,A*03:01,B*35:01,B*44:02,C*04:01,C*05:01,DPB1*02:01,DPB1*03:01,DQB1*03:01,DQB1*03:01,DRB1*04:01,DRB1*11:01,,,
898,780001400808_S64_L001.clonotypes.TRB.txt,4487340,10551,2020/10_FMBA_NovaSeq6,A*02:01,A*02:05,B*07:02,B*50:01,C*06:02,C*07:02,DPB1*04:02,DPB1*104:01,DQB1*02:02,DQB1*05:01,DRB1*01:01,DRB1*07:01,,,
900,780002090101_S89_L001.clonotypes.TRB.txt,3660046,24101,2020/12_FMBA_Novaseq8_DNA,A*24:02,A*32:01,B*27:05,B*35:02,C*01:02,C*04:01,DPB1*02:01,DPB1*04:01,DQB1*03:01,DQB1*05:01,DRB1*01:01,DRB1*11:04,,,
901,780002130101_S90_L001.clonotypes.TRB.txt,3682440,15941,2020/12_FMBA_Novaseq8_DNA,A*01:01,A*03:01,B*08:01,B*35:01,C*04:01,C*07:01,DPB1*01:01,DPB1*04:02,DQB1*02:01,DQB1*05:01,DRB1*01:01,DRB1*03:01,,,
902,780002140101_S94_L001.clonotypes.TRB.txt,3512977,20907,2020/12_FMBA_Novaseq8_DNA,A*68:01,A*68:01,B*35:03,B*44:03,C*04:01,C*16:01,DPB1*04:01,DPB1*11:01,DQB1*02:02,DQB1*02:02,DRB1*07:01,DRB1*07:01,,,
903,780002150808_S52_L001.clonotypes.TRB.txt,3379408,5315,2020/10_FMBA_NovaSeq4,A*02:01,A*30:01,B*13:02,B*44:27,C*06:02,C*07:04,DPB1*04:01,DPB1*04:02,DQB1*02:02,DQB1*05:02,DRB1*07:01,DRB1*16:01,,,
904,780002510101_S92_L001.clonotypes.TRB.txt,1357174,11538,2020/12_FMBA_Novaseq8_DNA,A*02:01,A*26:01,B*35:01,B*51:08,C*04:01,C*16:02,DPB1*02:01,DPB1*04:01,DQB1*03:01,DQB1*06:04,DRB1*12:01,DRB1*13:02,,,
905,780003220808_S28_L001.clonotypes.TRB.txt,4494229,5699,2020/10_FMBA_NovaSeq4,A*01:01,A*02:01,B*38:01,B*56:01,C*01:02,C*12:03,DPB1*04:01,DPB1*04:01,DQB1*02:01,DQB1*06:03,DRB1*03:01,DRB1*13:01,,,
906,780003310808_S68_L001.clonotypes.TRB.txt,2380197,4173,2020/10_FMBA_NovaSeq4,A*02:01,A*03:01,B*07:02,B*44:02,C*05:01,C*07:02,DPB1*03:01,DPB1*04:01,DQB1*02:01,DQB1*03:01,DRB1*03:01,DRB1*12:01,,,
907,780003320101_S88_L001.clonotypes.TRB.txt,3559071,12114,2020/12_FMBA_Novaseq8_DNA,A*02:01,A*29:02,B*07:02,B*27:02,C*02:02,C*07:02,DPB1*02:01,DPB1*04:02,DQB1*05:02,DQB1*06:02,DRB1*15:01,DRB1*16:01,,,
908,780003330808_S44_L001.clonotypes.TRB.txt,3562911,4318,2020/10_FMBA_NovaSeq4,A*03:01,A*03:01,B*07:02,B*35:01,C*04:01,C*07:02,DPB1*04:01,DPB1*104:01,DQB1*06:02,DQB1*06:03,DRB1*13:01,DRB1*15:01,,,
909,780003340807_S45_L001.clonotypes.TRB.txt,6497315,12353,2020/10_FMBA_NovaSeq6,A*02:01,A*02:05,B*38:02,B*58:01,C*07:02,C*07:18,DPB1*04:01,DPB1*04:02,DQB1*02:02,DQB1*04:01,DRB1*04:05,DRB1*14:54,,,
910,780003440101_S87_L001.clonotypes.TRB.txt,2847425,17997,2020/12_FMBA_Novaseq8_DNA,A*02:01,A*30:01,B*13:02,B*41:02,C*06:02,C*17:03,DPB1*02:01,DPB1*04:01,DQB1*02:02,DQB1*03:01,DRB1*07:01,DRB1*11:01,,,
911,780003450101_S95_L001.clonotypes.TRB.txt,2467555,16433,2020/12_FMBA_Novaseq8_DNA,A*02:01,A*24:02,B*41:02,B*44:02,C*07:04,C*17:03,DPB1*02:01,DPB1*104:01,DQB1*03:01,DQB1*03:01,DRB1*11:01,DRB1*13:03,,,
912,780003480808_S43_L001.clonotypes.TRB.txt,7127955,7822,2020/10_FMBA_NovaSeq4,A*01:01,A*02:01,B*07:02,B*39:01,C*02:02,C*07:02,DPB1*03:01,DPB1*04:01,DQB1*06:02,DQB1*06:03,DRB1*13:01,DRB1*15:01,,,
913,780003490101_S93_L001.clonotypes.TRB.txt,4812515,10434,2020/12_FMBA_Novaseq8_DNA,A*01:01,A*03:01,B*07:02,B*08:01,C*07:01,C*07:02,DPB1*01:01,DPB1*04:01,DQB1*02:01,DQB1*06:02,DRB1*03:01,DRB1*15:01,,,
914,780003510808_S92_L001.clonotypes.TRB.txt,567555,3645,2020/10_FMBA_NovaSeq4,A*25:01,A*26:01,B*07:02,B*57:01,C*06:02,C*07:02,DPB1*04:01,DPB1*11:01,DQB1*02:02,DQB1*03:03,DRB1*07:01,DRB1*07:01,,,
915,780003520808_S12_L001.clonotypes.TRB.txt,2613097,8501,2020/10_FMBA_NovaSeq4,A*25:01,A*32:01,B*18:01,B*35:01,C*04:01,C*12:03,DPB1*04:01,DPB1*04:02,DQB1*03:01,DQB1*06:02,DRB1*13:05,DRB1*15:01,,,
916,780003880101_S91_L001.clonotypes.TRB.txt,4269117,13803,2020/12_FMBA_Novaseq8_DNA,A*02:01,A*29:01,B*27:02,B*27:05,C*01:02,C*02:02,DPB1*04:01,DPB1*04:02,DQB1*05:01,DQB1*05:02,DRB1*01:01,DRB1*16:01,,,
917,780003890808_S35_L001.clonotypes.TRB.txt,3017256,2436,2020/10_FMBA_NovaSeq4,A*02:01,A*03:01,B*07:02,B*51:07,C*07:02,C*14:02,DPB1*04:01,DPB1*04:01,DQB1*03:05,DQB1*06:02,DRB1*04:03,DRB1*15:01,,,
918,780003930808_S76_L001.clonotypes.TRB.txt,224067,3609,2020/10_FMBA_NovaSeq4,A*03:01,A*26:01,B*18:01,B*35:01,C*04:01,C*07:01,DPB1*04:01,DPB1*04:02,DQB1*03:01,DQB1*05:01,DRB1*01:01,DRB1*11:04,,,
919,780004000807_S5_L001.clonotypes.TRB.txt,1910398,9892,2020/10_FMBA_NovaSeq6,A*03:01,A*26:01,B*15:01N,B*35:01,C*03:04,C*04:01,DPB1*03:01,DPB1*04:02,DQB1*03:02,DQB1*05:01,DRB1*01:01,DRB1*04:01,,,
920,780004020807_S91_L001.clonotypes.TRB.txt,851999,17409,2020/10_FMBA_NovaSeq6,A*03:01,A*26:01,B*07:02,B*15:01N,C*03:04,C*03:04,DPB1*02:01,DPB1*04:01,DQB1*03:02,DQB1*03:03,DRB1*04:01,DRB1*13:01,,,
921,780004080807_S53_L001.clonotypes.TRB.txt,6056339,11407,2020/10_FMBA_NovaSeq6,A*02:01,A*26:01,B*15:01N,B*44:02,C*04:01,C*05:01,DPB1*02:01,DPB1*04:01,DQB1*03:03,DQB1*06:03,DRB1*07:01,DRB1*13:01,,,
922,780004090808_S60_L001.clonotypes.TRB.txt,2618655,4781,2020/10_FMBA_NovaSeq4,A*01:01,A*30:04,B*07:02,B*57:01,C*06:02,C*07:02,DPB1*02:01,DPB1*13:01,DQB1*03:03,DQB1*06:02,DRB1*07:01,DRB1*15:01,,,
